rome,id,date_actualisation
D1213,208ZBRJ,2026-09-23
D1213,210RLWL,2026-07-19
D1213,211BZHH,2026-09-30
D1213,211BZWX,2026-09-30
D1213,211LHVH,2026-09-28
D1213,212BLJP,2026-10-02
D1213,212BSKQ,2026-09-15
D1213,212FNCF,2026-09-18
D1213,212JWZK,2026-09-22
D1213,212WGDG,2026-09-29
D1213,213CVZS,2026-09-16
D1213,213DRJY,2026-09-30
D1213,213KWMJ,2026-10-02
D1213,213LJTB,2026-09-20
D1213,213PNZB,2026-09-24
D1213,213PSLL,2026-09-25
D1213,213RVQJ,2026-10-01
D1213,213SLJC,2026-09-21
D1213,213SLYH,2026-10-02
D1213,213SQBJ,2026-09-27
D1213,213TBJH,2026-09-29
D1213,213VLPD,2026-09-30
D1213,213VMLK,2026-09-30
D1213,213VMRJ,2026-09-30
D1213,213VNMF,2026-09-16
D1213,213VQWW,2026-09-30
D1213,213VSGG,2026-09-30
D1213,213VWRS,2026-09-30
D1213,213VYRN,2026-09-30
D1213,213VYST,2026-09-30
D1213,213VYZR,2026-09-30
D1213,213VZBM,2026-09-30
D1213,213VZDT,2026-09-30
D1213,213VZFM,2026-09-30
D1213,213WFCX,2026-09-30
D1213,213WGVB,2026-09-15
D1213,213WXPG,2026-10-01
D1213,213WYGT,2026-09-15
D1213,213WZKB,2026-10-02
D1213,213WZVW,2026-10-01
D1213,213XFFQ,2026-10-02
D1213,213YXRT,2026-10-02
D1213,213YYVQ,2026-10-02
D1213,213ZDXF,2026-10-03
D1213,213ZNSK,2026-09-30
D1213,213ZPYW,2026-09-17
D1213,213ZVQB,2026-10-03
D1213,213ZZLX,2026-09-18
D1213,214BBYS,2026-09-18
D1213,214BCLJ,2026-09-17
D1213,214BXYR,2026-10-04
D1213,214CJMN,2026-09-21
D1213,214CSWX,2026-09-19
D1213,214DVKY,2026-10-01
D1213,214DWMB,2026-10-02
D1213,214DYGF,2026-09-21
D1213,214DYKZ,2026-09-21
D1213,214DZCV,2026-10-04
D1213,214DZFM,2026-09-21
D1213,214DZML,2026-10-04
D1213,214DZRM,2026-10-04
D1213,214FCRH,2026-09-30
D1213,214FKWR,2026-09-22
D1213,214FSFD,2026-09-22
D1213,214FSHR,2026-09-23
D1213,214GHCZ,2026-09-23
D1213,214GRMJ,2026-09-23
D1213,214GRRK,2026-09-28
D1213,214GSLL,2026-09-28
D1213,214HRJG,2026-09-23
D1213,214HXTC,2026-10-03
D1213,214JPYT,2026-09-25
D1213,214JSVY,2026-09-24
D1213,214KBVF,2026-09-30
D1213,214KXQG,2026-09-28
D1213,214LBYN,2026-09-28
D1213,214LGXL,2026-09-28
D1213,214LJHN,2026-09-28
D1213,214LLBN,2026-09-26
D1213,214LVCN,2026-09-28
D1213,214LXLL,2026-09-28
D1213,214MJXW,2026-09-28
D1213,214MVFB,2026-09-28
D1213,214MWMY,2026-09-29
D1213,214NBLJ,2026-09-29
D1213,214NNDX,2026-09-29
D1213,214NWMH,2026-09-29
D1213,214NWPD,2026-09-29
D1213,214PCTQ,2026-09-30
D1213,214PDMS,2026-10-04
D1213,214PJBZ,2026-10-02
D1213,214PNXT,2026-10-04
D1213,214PSTH,2026-09-30
D1213,214PYXL,2026-09-30
D1213,214PZYX,2026-09-30
D1213,214QHGQ,2026-09-30
D1213,214QJLK,2026-10-01
D1213,214QYFH,2026-10-01
D1213,214RBQW,2026-10-01
D1213,214RFPG,2026-10-01
D1213,214RJPF,2026-10-02
D1213,214RVKR,2026-10-02
D1213,214SBMR,2026-10-02
D1213,214SFLD,2026-10-02
D1213,214SJJQ,2026-10-02
D1213,214SJQX,2026-10-02
D1213,214SJVR,2026-10-02
D1213,214SLLG,2026-10-02
D1213,214SQQL,2026-10-02
D1213,214SVGF,2026-10-02
D1213,214SVYH,2026-10-02
D1213,214SXFH,2026-10-02
D1213,3456225,2026-07-15
D1213,3624383,2026-08-31
D1213,3874673,2026-07-21
D1213,3875777,2026-07-21
D1213,3880287,2026-07-21
D1213,4069713,2026-07-14
D1213,4295410,2026-08-31
D1213,4295600,2026-08-31
D1213,4295607,2026-08-31
D1213,4295617,2026-08-31
D1213,4386788,2026-08-31
D1213,4413700,2026-07-21
D1213,4514020,2026-07-22
D1213,4770180,2026-07-22
D1213,5069142,2026-09-03
D1213,5069150,2026-08-31
D1213,5069159,2026-09-02
D1213,5069161,2026-08-31
D1213,5083222,2026-07-17
D1213,5083227,2026-07-17
D1213,5083230,2026-07-17
D1213,5352132,2026-07-22
D1213,5392412,2026-08-26
D1213,5427390,2026-07-24
D1213,5442555,2026-08-31
D1213,5478092,2026-07-26
D1213,5489477,2026-07-27
D1213,5503287,2026-08-31
D1213,5620806,2026-07-31
D1213,5639064,2026-08-31
D1213,5744245,2026-08-31
D1213,5801812,2026-08-31
D1213,5819895,2026-08-07
D1213,5828011,2026-08-07
D1213,5835557,2026-08-31
D1213,5835559,2026-08-31
D1213,5939709,2026-09-09
D1213,5939718,2026-08-12
D1213,5955214,2026-10-04
D1213,5992883,2026-08-14
D1213,5996056,2026-08-14
D1213,6017249,2026-08-15
D1213,6050357,2026-08-17
D1213,6110735,2026-08-19
D1213,6148357,2026-08-20
D1213,6148413,2026-08-20
D1213,6156634,2026-09-08
D1213,6169804,2026-09-11
D1213,6205269,2026-08-22
D1213,6344741,2026-08-27
D1213,6382277,2026-08-28
D1213,6393501,2026-08-28
D1213,6398209,2026-09-27
D1213,6398221,2026-09-27
D1213,6444786,2026-08-31
D1213,6444822,2026-08-31
D1213,6444859,2026-08-31
D1213,6444881,2026-08-31
D1213,6444912,2026-08-31
D1213,6461826,2026-09-02
D1213,6498943,2026-09-02
D1213,6516745,2026-09-23
D1213,6519993,2026-09-02
D1213,6533333,2026-09-02
D1213,6589019,2026-09-03
D1213,6602208,2026-10-05
D1213,6627871,2026-09-04
D1213,6628165,2026-09-29
D1213,6635509,2026-09-04
D1213,6635674,2026-09-04
D1213,6666050,2026-09-05
D1213,6667382,2026-09-05
D1213,6697446,2026-09-07
D1213,6727962,2026-09-08
D1213,6730641,2026-09-08
D1213,6749202,2026-09-09
D1213,6767844,2026-09-09
D1213,6768185,2026-09-09
D1213,6775232,2026-09-09
D1213,6779486,2026-10-03
D1213,6783166,2026-10-01
D1213,6800110,2026-09-10
D1213,6805941,2026-09-10
D1213,6857115,2026-09-13
D1213,6908790,2026-09-16
D1213,6930091,2026-09-16
D1213,6933111,2026-09-16
D1213,6965680,2026-09-17
D1213,7032730,2026-09-19
D1213,7095276,2026-09-22
D1213,7095468,2026-09-22
D1213,7132209,2026-09-24
D1213,7136402,2026-09-23
D1213,7136451,2026-09-23
D1213,7136466,2026-09-23
D1213,7148261,2026-09-23
D1213,7163795,2026-09-24
D1213,7167802,2026-09-24
D1213,7349360,2026-09-25
D1213,7384925,2026-09-25
D1213,7384953,2026-09-25
D1213,7394420,2026-10-03
D1213,7400262,2026-09-25
D1213,7456646,2026-10-01
D1213,7467455,2026-09-28
D1213,7467465,2026-09-28
D1213,7467473,2026-09-28
D1213,7467491,2026-09-28
D1213,7467492,2026-09-28
D1213,7467691,2026-09-28
D1213,7467695,2026-09-28
D1213,7467713,2026-09-28
D1213,7467719,2026-09-28
D1213,7467768,2026-09-28
D1213,7467776,2026-09-28
D1213,7467781,2026-09-28
D1213,7467782,2026-09-28
D1213,7467835,2026-09-28
D1213,7467866,2026-09-28
D1213,7467881,2026-09-28
D1213,7467897,2026-09-28
D1213,7467933,2026-09-28
D1213,7467951,2026-09-28
D1213,7467981,2026-09-28
D1213,7467996,2026-09-28
D1213,7468030,2026-09-28
D1213,7471682,2026-09-28
D1213,7471706,2026-09-28
D1213,7471712,2026-09-28
D1213,7477935,2026-09-29
D1213,7488042,2026-09-29
D1213,7489565,2026-10-02
D1213,7490843,2026-09-29
D1213,7490865,2026-09-29
D1213,7490876,2026-09-29
D1213,7490903,2026-09-29
D1213,7491243,2026-09-29
D1213,7491586,2026-09-29
D1213,7491762,2026-09-29
D1213,7515427,2026-09-30
D1213,7516130,2026-09-30
D1213,7517151,2026-09-30
D1213,7517327,2026-09-30
D1213,7517334,2026-09-30
D1213,7518049,2026-09-30
D1213,7518535,2026-09-30
D1213,7534977,2026-09-30
D1213,7556694,2026-10-01
D1213,7559437,2026-10-01
D1213,7559963,2026-10-01
D1213,7560956,2026-10-01
D1213,7565932,2026-10-01
D1213,7587493,2026-10-02
D1213,7588123,2026-10-02
D1213,7589628,2026-10-02
D1213,7591101,2026-10-02
D1213,7591107,2026-10-02
D1213,7591135,2026-10-02
D1213,7625453,2026-10-03
D1213,7627296,2026-10-03
D1213,7629000,2026-10-03
D1213,7633980,2026-10-03
D1213,7634270,2026-10-03
D1213,7634561,2026-10-03
D1213,7655923,2026-10-04
D1213,7656507,2026-10-04
D1213,7656947,2026-10-04
D1401,204HTJJ,2026-09-22
D1401,206BYZW,2026-09-30
D1401,206QSTX,2026-10-01
D1401,208WVWD,2026-10-02
D1401,209DXCG,2026-09-18
D1401,209HMNX,2026-10-01
D1401,209KWDV,2026-09-22
D1401,209RGQW,2026-07-17
D1401,209TBBJ,2026-07-17
D1401,209YHQJ,2026-09-25
D1401,210JKMT,2026-09-28
D1401,210NQTQ,2026-07-17
D1401,210QXMS,2026-09-15
D1401,210RKGD,2026-07-20
D1401,210RWNC,2026-07-20
D1401,210YKBP,2026-07-17
D1401,211DMHJ,2026-09-27
D1401,211FCYN,2026-09-18
D1401,211GLSH,2026-10-01
D1401,211GMMY,2026-07-19
D1401,211GTTB,2026-09-22
D1401,211GXLL,2026-09-29
D1401,211JZCV,2026-07-20
D1401,211MQFX,2026-09-24
D1401,211PRQQ,2026-10-01
D1401,211STCM,2026-09-28
D1401,211TQYH,2026-09-23
D1401,211VRBH,2026-09-22
D1401,211VYNV,2026-09-21
D1401,211YDBH,2026-09-28
D1401,211YFFC,2026-09-28
D1401,211YRXL,2026-09-23
D1401,212CJVK,2026-09-28
D1401,212CKLM,2026-09-23
D1401,212DDSX,2026-09-30
D1401,212HXHD,2026-09-16
D1401,212KFYL,2026-09-28
D1401,212KKML,2026-09-29
D1401,212PHFS,2026-10-02
D1401,212PNFN,2026-09-29
D1401,212QNFG,2026-09-23
D1401,212RCDB,2026-09-17
D1401,212RQVB,2026-09-28
D1401,212SCPK,2026-09-25
D1401,212YBHP,2026-09-23
D1401,212YDSH,2026-09-25
D1401,212YNMT,2026-10-02
D1401,212YNSH,2026-09-29
D1401,212ZQWQ,2026-09-28
D1401,213BJZL,2026-09-28
D1401,213CDNP,2026-09-29
D1401,213DBLC,2026-10-02
D1401,213DBWC,2026-09-30
D1401,213FMDL,2026-10-01
D1401,213HHHQ,2026-10-02
D1401,213HJKX,2026-09-29
D1401,213HNFH,2026-09-29
D1401,213HYWN,2026-10-02
D1401,213JFTW,2026-10-01
D1401,213JFZJ,2026-09-21
D1401,213JSFY,2026-09-21
D1401,213JVJS,2026-09-21
D1401,213JXSK,2026-09-30
D1401,213KDRL,2026-09-28
D1401,213LCRS,2026-10-01
D1401,213LFMW,2026-10-02
D1401,213LFNJ,2026-10-02
D1401,213LHZM,2026-10-04
D1401,213LSNQ,2026-10-01
D1401,213LXVL,2026-09-23
D1401,213LYVZ,2026-09-21
D1401,213MGCJ,2026-09-08
D1401,213MHNT,2026-09-21
D1401,213MKYJ,2026-10-02
D1401,213MMLD,2026-09-17
D1401,213MNHG,2026-09-07
D1401,213MSKX,2026-09-23
D1401,213MVXQ,2026-09-23
D1401,213MWNB,2026-09-23
D1401,213MXCD,2026-09-28
D1401,213MZDK,2026-09-23
D1401,213NDXJ,2026-09-30
D1401,213NJZQ,2026-09-24
D1401,213NLLZ,2026-09-29
D1401,213NPCH,2026-09-29
D1401,213NSJH,2026-09-24
D1401,213NSRQ,2026-09-28
D1401,213NVSP,2026-09-24
D1401,213NVSR,2026-09-24
D1401,213NVSS,2026-09-24
D1401,213NXQL,2026-09-16
D1401,213NZLG,2026-09-08
D1401,213PBPX,2026-09-08
D1401,213PGLL,2026-09-25
D1401,213PJLQ,2026-09-28
D1401,213PJTK,2026-09-24
D1401,213PRNB,2026-10-02
D1401,213PTGC,2026-09-23
D1401,213PTYD,2026-09-23
D1401,213PXXC,2026-09-09
D1401,213PYKK,2026-09-11
D1401,213PZQL,2026-09-29
D1401,213QLTW,2026-10-02
D1401,213QLWL,2026-09-25
D1401,213QQMV,2026-09-09
D1401,213QRLT,2026-09-25
D1401,213QRPV,2026-09-10
D1401,213QTSM,2026-09-10
D1401,213QVTV,2026-09-10
D1401,213QXZT,2026-09-22
D1401,213QZRZ,2026-09-25
D1401,213RFHY,2026-09-10
D1401,213RGFH,2026-09-22
D1401,213RKRT,2026-09-11
D1401,213RMZN,2026-09-26
D1401,213RNHN,2026-09-25
D1401,213RPHQ,2026-09-10
D1401,213RRDP,2026-09-21
D1401,213RRSD,2026-09-22
D1401,213RZGC,2026-09-28
D1401,213RZZZ,2026-09-30
D1401,213SGVG,2026-09-16
D1401,213SGZD,2026-09-10
D1401,213SRQV,2026-09-21
D1401,213SVXP,2026-10-02
D1401,213TCBG,2026-09-25
D1401,213TFNT,2026-09-28
D1401,213TJPT,2026-09-27
D1401,213TLBL,2026-09-14
D1401,213TMGG,2026-10-01
D1401,213TMHN,2026-09-14
D1401,213TMJR,2026-10-01
D1401,213TTBT,2026-09-27
D1401,213TVGS,2026-09-30
D1401,213TZQH,2026-09-14
D1401,213VGFN,2026-09-14
D1401,213VGRY,2026-09-29
D1401,213VKDM,2026-09-15
D1401,213VKTG,2026-09-21
D1401,213VPQQ,2026-09-14
D1401,213VQDC,2026-10-02
D1401,213VQZX,2026-09-15
D1401,213VRHL,2026-09-29
D1401,213VRZY,2026-09-14
D1401,213VSGY,2026-09-14
D1401,213VZLB,2026-09-30
D1401,213WBKB,2026-09-16
D1401,213WDLG,2026-09-22
D1401,213WDSM,2026-09-15
D1401,213WDWB,2026-10-01
D1401,213WFVF,2026-09-16
D1401,213WFWF,2026-09-30
D1401,213WGRB,2026-09-28
D1401,213WGSZ,2026-09-30
D1401,213WJNG,2026-09-30
D1401,213WNFY,2026-09-15
D1401,213WRBJ,2026-10-01
D1401,213WRRM,2026-09-25
D1401,213WVGN,2026-09-30
D1401,213WVGW,2026-09-15
D1401,213WYCW,2026-09-15
D1401,213XDFK,2026-10-01
D1401,213XGVW,2026-09-15
D1401,213XGYW,2026-09-30
D1401,213XHLW,2026-10-02
D1401,213XJSD,2026-10-01
D1401,213XKMJ,2026-09-15
D1401,213XMKW,2026-09-22
D1401,213XPDR,2026-10-01
D1401,213XPVG,2026-09-18
D1401,213XSCC,2026-09-16
D1401,213XVQR,2026-09-24
D1401,213XYVF,2026-09-16
D1401,213YGSS,2026-09-16
D1401,213YGYS,2026-09-18
D1401,213YHHD,2026-09-16
D1401,213YHNK,2026-10-02
D1401,213YKHT,2026-09-16
D1401,213YNTD,2026-09-29
D1401,213YNWR,2026-09-16
D1401,213YNZW,2026-09-16
D1401,213YRXV,2026-09-24
D1401,213YSKK,2026-10-02
D1401,213YSZL,2026-09-25
D1401,213YVGK,2026-10-02
D1401,213YYCB,2026-10-02
D1401,213YYDX,2026-10-01
D1401,213YYYG,2026-09-17
D1401,213YZNX,2026-10-02
D1401,213ZGLS,2026-09-18
D1401,213ZHXD,2026-09-17
D1401,213ZKYB,2026-10-02
D1401,213ZMBG,2026-09-25
D1401,213ZMBX,2026-10-03
D1401,213ZMHX,2026-10-03
D1401,213ZNYY,2026-09-29
D1401,213ZPSW,2026-09-17
D1401,213ZTQW,2026-10-03
D1401,213ZVLZ,2026-10-03
D1401,213ZVWS,2026-09-18
D1401,213ZWXD,2026-10-02
D1401,213ZXPR,2026-10-03
D1401,213ZXTG,2026-09-17
D1401,213ZXYR,2026-10-02
D1401,213ZYCQ,2026-09-25
D1401,213ZYDS,2026-10-02
D1401,214BBYJ,2026-09-17
D1401,214BCNK,2026-09-17
D1401,214BCTM,2026-09-18
D1401,214BDGY,2026-10-03
D1401,214BDNR,2026-10-03
D1401,214BDSS,2026-10-02
D1401,214BDVG,2026-09-18
D1401,214BGCM,2026-10-03
D1401,214BJWS,2026-10-03
D1401,214BLCL,2026-10-04
D1401,214BNDN,2026-09-18
D1401,214BPSV,2026-09-28
D1401,214BQLR,2026-09-18
D1401,214BQMC,2026-10-01
D1401,214BSQC,2026-10-02
D1401,214BSTY,2026-09-18
D1401,214BXWK,2026-09-18
D1401,214BZHP,2026-09-24
D1401,214BZZT,2026-09-23
D1401,214CBBH,2026-09-30
D1401,214CCFV,2026-10-04
D1401,214CDQS,2026-10-04
D1401,214CFGL,2026-10-02
D1401,214CGHG,2026-09-18
D1401,214CGRL,2026-09-29
D1401,214CJDK,2026-09-25
D1401,214CJTT,2026-10-01
D1401,214CLRJ,2026-10-04
D1401,214CLWD,2026-10-04
D1401,214CNFQ,2026-09-21
D1401,214CNQN,2026-09-21
D1401,214CPFQ,2026-09-18
D1401,214CRJB,2026-09-21
D1401,214CSWG,2026-10-01
D1401,214CTQW,2026-09-22
D1401,214CTWY,2026-09-21
D1401,214CVBG,2026-09-22
D1401,214CWBW,2026-09-21
D1401,214CWCJ,2026-09-22
D1401,214CZBR,2026-09-21
D1401,214CZKV,2026-09-21
D1401,214DDNH,2026-09-21
D1401,214DGLK,2026-09-21
D1401,214DGSZ,2026-09-21
D1401,214DJMV,2026-09-22
D1401,214DKBF,2026-09-21
D1401,214DLPR,2026-09-22
D1401,214DNHN,2026-09-21
D1401,214DPFS,2026-09-21
D1401,214DQSM,2026-09-22
D1401,214DRYZ,2026-10-02
D1401,214DSDG,2026-09-21
D1401,214DSZN,2026-10-02
D1401,214DVVV,2026-09-22
D1401,214DXDC,2026-09-21
D1401,214DXJB,2026-09-22
D1401,214DXKB,2026-09-28
D1401,214FCWV,2026-09-21
D1401,214FGCJ,2026-09-22
D1401,214FGMR,2026-09-22
D1401,214FGQD,2026-09-25
D1401,214FJDC,2026-09-22
D1401,214FLBW,2026-09-22
D1401,214FQJT,2026-09-23
D1401,214FQZH,2026-09-22
D1401,214FWBP,2026-09-22
D1401,214FZYJ,2026-09-23
D1401,214GBTD,2026-09-22
D1401,214GCCT,2026-09-28
D1401,214GDNX,2026-10-01
D1401,214GFVD,2026-09-23
D1401,214GGBG,2026-09-22
D1401,214GGRZ,2026-09-23
D1401,214GGZX,2026-09-24
D1401,214GHWW,2026-10-02
D1401,214GJNK,2026-09-29
D1401,214GJTB,2026-09-22
D1401,214GKBJ,2026-10-01
D1401,214GKHJ,2026-10-05
D1401,214GKXV,2026-09-22
D1401,214GLCG,2026-09-23
D1401,214GMKT,2026-09-23
D1401,214GMWH,2026-09-23
D1401,214GMWY,2026-09-23
D1401,214GNDN,2026-09-30
D1401,214GNRX,2026-10-03
D1401,214GNXL,2026-09-23
D1401,214GPYL,2026-09-22
D1401,214GQDZ,2026-09-23
D1401,214GQSL,2026-09-23
D1401,214GRHZ,2026-09-25
D1401,214GTNK,2026-10-02
D1401,214GXBY,2026-09-23
D1401,214GXJG,2026-09-24
D1401,214GYMP,2026-09-23
D1401,214GYVQ,2026-09-23
D1401,214GYWF,2026-09-23
D1401,214GYYH,2026-09-23
D1401,214GZMX,2026-09-23
D1401,214HCXL,2026-09-23
D1401,214HCYX,2026-09-23
D1401,214HDXW,2026-09-23
D1401,214HFWW,2026-09-23
D1401,214HLRC,2026-09-23
D1401,214HLTK,2026-09-23
D1401,214HLZN,2026-09-23
D1401,214HMKB,2026-09-23
D1401,214HMQK,2026-09-23
D1401,214HNQB,2026-09-23
D1401,214HNTV,2026-09-30
D1401,214HPSM,2026-09-23
D1401,214HPVM,2026-09-23
D1401,214HQKC,2026-09-23
D1401,214HSPD,2026-09-23
D1401,214HTSZ,2026-09-24
D1401,214HVFV,2026-09-23
D1401,214HWHB,2026-09-24
D1401,214HYWQ,2026-09-28
D1401,214HZVZ,2026-09-24
D1401,214JBNJ,2026-09-24
D1401,214JCDX,2026-09-24
D1401,214JCRQ,2026-09-24
D1401,214JGBW,2026-09-24
D1401,214JGGM,2026-09-29
D1401,214JHGT,2026-09-24
D1401,214JJGZ,2026-09-24
D1401,214JJVW,2026-10-01
D1401,214JKYD,2026-09-24
D1401,214JLKD,2026-09-25
D1401,214JPZQ,2026-09-25
D1401,214JTQZ,2026-09-24
D1401,214JVJM,2026-09-24
D1401,214JWXW,2026-09-24
D1401,214JXNZ,2026-09-29
D1401,214JYLC,2026-09-24
D1401,214KCBL,2026-09-28
D1401,214KDFS,2026-09-25
D1401,214KFDV,2026-09-25
D1401,214KGBP,2026-09-25
D1401,214KGCK,2026-10-05
D1401,214KHSW,2026-09-25
D1401,214KJBX,2026-09-30
D1401,214KKMZ,2026-10-01
D1401,214KLMG,2026-09-25
D1401,214KLQS,2026-09-25
D1401,214KNDF,2026-09-25
D1401,214KPZR,2026-09-28
D1401,214KQPV,2026-09-25
D1401,214KSFP,2026-09-25
D1401,214KSMF,2026-10-02
D1401,214KTHV,2026-09-28
D1401,214KTSK,2026-09-28
D1401,214KVTT,2026-09-28
D1401,214KYVX,2026-09-28
D1401,214LBGF,2026-09-25
D1401,214LBHW,2026-09-25
D1401,214LDHD,2026-09-25
D1401,214LDPQ,2026-10-02
D1401,214LJMK,2026-09-25
D1401,214LKGG,2026-09-28
D1401,214LLKD,2026-09-26
D1401,214LMJV,2026-09-28
D1401,214LNYK,2026-09-28
D1401,214LPYM,2026-09-29
D1401,214LPZK,2026-09-28
D1401,214LRMK,2026-09-28
D1401,214LRRK,2026-09-28
D1401,214LSBD,2026-09-28
D1401,214LTYQ,2026-09-28
D1401,214LVKC,2026-09-29
D1401,214LVXQ,2026-09-28
D1401,214LWPX,2026-10-01
D1401,214LZTR,2026-09-28
D1401,214LZXW,2026-09-28
D1401,214MBNH,2026-09-29
D1401,214MBVT,2026-09-30
D1401,214MBWW,2026-09-28
D1401,214MBXH,2026-09-28
D1401,214MDVZ,2026-09-29
D1401,214MGJR,2026-09-28
D1401,214MGXL,2026-09-29
D1401,214MHDM,2026-09-28
D1401,214MHKJ,2026-09-30
D1401,214MHNG,2026-10-02
D1401,214MJJN,2026-09-28
D1401,214MKHN,2026-09-29
D1401,214MKJG,2026-09-28
D1401,214MLJS,2026-09-30
D1401,214MLTY,2026-09-28
D1401,214MQSG,2026-09-30
D1401,214MRKZ,2026-09-29
D1401,214MRVR,2026-09-29
D1401,214MRYT,2026-09-28
D1401,214MSBG,2026-09-28
D1401,214MSCJ,2026-09-29
D1401,214MSYP,2026-09-28
D1401,214MTFH,2026-09-30
D1401,214MVGF,2026-09-29
D1401,214MVQG,2026-09-28
D1401,214MYFY,2026-09-29
D1401,214MYNR,2026-10-04
D1401,214NBBP,2026-09-29
D1401,214NBCP,2026-09-30
D1401,214NBNV,2026-09-30
D1401,214NBSK,2026-09-29
D1401,214NCHW,2026-09-29
D1401,214NCMM,2026-09-30
D1401,214NCWX,2026-10-01
D1401,214NFBD,2026-09-29
D1401,214NFST,2026-09-29
D1401,214NLXW,2026-09-29
D1401,214NLYP,2026-09-29
D1401,214NMPS,2026-09-29
D1401,214NRBD,2026-09-29
D1401,214NTFT,2026-09-29
D1401,214NVJY,2026-09-30
D1401,214NWHM,2026-09-29
D1401,214NXNM,2026-10-02
D1401,214NYSX,2026-10-01
D1401,214NZXY,2026-09-30
D1401,214PBLL,2026-09-29
D1401,214PDBK,2026-09-29
D1401,214PFDW,2026-09-30
D1401,214PFGK,2026-09-29
D1401,214PGKF,2026-09-30
D1401,214PGLQ,2026-09-30
D1401,214PHZG,2026-09-30
D1401,214PJQF,2026-09-30
D1401,214PJWR,2026-09-30
D1401,214PKCC,2026-10-02
D1401,214PKQT,2026-09-30
D1401,214PMWW,2026-09-30
D1401,214PMZJ,2026-09-30
D1401,214PNDK,2026-10-02
D1401,214PNRF,2026-09-30
D1401,214PNTH,2026-09-30
D1401,214PPQH,2026-10-01
D1401,214PPRQ,2026-09-30
D1401,214PQZS,2026-09-30
D1401,214PSCH,2026-09-30
D1401,214PSDX,2026-10-01
D1401,214PTBZ,2026-09-30
D1401,214PTJQ,2026-09-30
D1401,214PVXP,2026-10-01
D1401,214PWHB,2026-09-30
D1401,214PWHT,2026-09-30
D1401,214PWPW,2026-09-30
D1401,214PWQL,2026-10-01
D1401,214PWQM,2026-10-01
D1401,214PWQZ,2026-09-30
D1401,214PWRP,2026-10-01
D1401,214PXKH,2026-10-02
D1401,214PYBM,2026-09-30
D1401,214PYFP,2026-10-02
D1401,214PZPB,2026-10-01
D1401,214PZQJ,2026-10-01
D1401,214QBXD,2026-10-02
D1401,214QBYP,2026-09-30
D1401,214QCBP,2026-09-30
D1401,214QDFV,2026-09-30
D1401,214QDLH,2026-10-01
D1401,214QDWD,2026-10-01
D1401,214QDZY,2026-09-30
D1401,214QGNF,2026-09-30
D1401,214QHST,2026-09-30
D1401,214QJNP,2026-09-30
D1401,214QJZF,2026-10-02
D1401,214QKDY,2026-10-01
D1401,214QKFB,2026-09-30
D1401,214QMTY,2026-10-01
D1401,214QMZX,2026-10-02
D1401,214QNJJ,2026-10-01
D1401,214QPDD,2026-10-04
D1401,214QQMV,2026-10-01
D1401,214QRDW,2026-10-01
D1401,214QRFJ,2026-10-02
D1401,214QRQW,2026-10-01
D1401,214QRSP,2026-10-02
D1401,214QSLP,2026-10-02
D1401,214QSMR,2026-10-02
D1401,214QSZK,2026-10-02
D1401,214QSZW,2026-10-02
D1401,214QVRG,2026-10-01
D1401,214QVXC,2026-10-01
D1401,214QVXL,2026-10-01
D1401,214QZWR,2026-10-01
D1401,214QZWV,2026-10-01
D1401,214RBDK,2026-10-02
D1401,214RBSZ,2026-10-01
D1401,214RCKL,2026-10-01
D1401,214RDGH,2026-10-02
D1401,214RDMC,2026-10-02
D1401,214RDNM,2026-10-01
D1401,214RJTW,2026-10-03
D1401,214RLKV,2026-10-02
D1401,214RQLW,2026-10-02
D1401,214RRGZ,2026-10-02
D1401,214RSFV,2026-10-02
D1401,214RVGY,2026-10-02
D1401,214RWTB,2026-10-02
D1401,214RYVM,2026-10-02
D1401,214RYWV,2026-10-02
D1401,214SBGN,2026-10-02
D1401,214SBMT,2026-10-02
D1401,214SBNV,2026-10-02
D1401,214SCTX,2026-10-02
D1401,214SCYP,2026-10-02
D1401,214SDGZ,2026-10-02
D1401,214SDSN,2026-10-02
D1401,214SGMR,2026-10-02
D1401,214SJSN,2026-10-02
D1401,214SKRW,2026-10-02
D1401,214SKTB,2026-10-02
D1401,214SMJL,2026-10-02
D1401,214SMYM,2026-10-02
D1401,214SNQF,2026-10-02
D1401,214STCN,2026-10-02
D1401,214STDD,2026-10-02
D1401,214STVV,2026-10-02
D1401,214SVNT,2026-10-02
D1401,214SWNM,2026-10-02
D1401,214SYWY,2026-10-03
D1401,214SZQJ,2026-10-04
D1401,214TBBJ,2026-10-05
D1401,5496059,2026-09-30
D1401,5496067,2026-09-30
D1401,5496071,2026-09-30
D1401,5496072,2026-09-30
D1401,5503350,2026-08-31
D1401,5549690,2026-10-02
D1401,5552740,2026-07-29
D1401,5593411,2026-07-30
D1401,5597077,2026-09-25
D1401,5597328,2026-09-25
D1401,5597509,2026-09-25
D1401,5597677,2026-07-31
D1401,5600543,2026-07-31
D1401,5629228,2026-08-25
D1401,5634738,2026-08-01
D1401,5660237,2026-08-01
D1401,5665601,2026-08-01
D1401,5688022,2026-08-31
D1401,5697340,2026-08-05
D1401,5706035,2026-09-03
D1401,5718021,2026-08-31
D1401,5718025,2026-08-31
D1401,5718031,2026-08-31
D1401,5718065,2026-08-31
D1401,5744237,2026-08-31
D1401,5801816,2026-08-31
D1401,5857398,2026-09-08
D1401,5857417,2026-09-30
D1401,5857451,2026-09-08
D1401,5857559,2026-09-08
D1401,5857565,2026-09-08
D1401,5872549,2026-08-31
D1401,5886807,2026-09-02
D1401,5914970,2026-10-03
D1401,5933823,2026-08-12
D1401,5942024,2026-08-13
D1401,5943926,2026-10-05
D1401,5959919,2026-08-22
D1401,5959961,2026-08-22
D1401,5959968,2026-09-02
D1401,5989962,2026-08-14
D1401,6025871,2026-08-15
D1401,6053156,2026-08-18
D1401,6053188,2026-08-18
D1401,6084985,2026-08-18
D1401,6087519,2026-08-19
D1401,6092744,2026-09-21
D1401,6117253,2026-09-11
D1401,6117261,2026-09-11
D1401,6142154,2026-08-20
D1401,6180732,2026-08-24
D1401,6206216,2026-08-22
D1401,6222077,2026-08-28
D1401,6231516,2026-08-26
D1401,6276761,2026-08-25
D1401,6276762,2026-08-25
D1401,6278401,2026-08-26
D1401,6278416,2026-08-26
D1401,6319082,2026-08-27
D1401,6319131,2026-08-27
D1401,6344738,2026-08-27
D1401,6355105,2026-08-28
D1401,6377501,2026-08-28
D1401,6395115,2026-08-29
D1401,6395152,2026-08-29
D1401,6414030,2026-08-29
D1401,6414039,2026-08-29
D1401,6433816,2026-10-01
D1401,6444772,2026-08-31
D1401,6444777,2026-08-31
D1401,6444779,2026-08-31
D1401,6444780,2026-08-31
D1401,6444787,2026-08-31
D1401,6444803,2026-08-31
D1401,6444807,2026-08-31
D1401,6444814,2026-08-31
D1401,6444820,2026-08-31
D1401,6444842,2026-08-31
D1401,6444845,2026-08-31
D1401,6444853,2026-08-31
D1401,6444872,2026-08-31
D1401,6444876,2026-09-08
D1401,6460147,2026-09-01
D1401,6467105,2026-08-31
D1401,6495561,2026-09-01
D1401,6495901,2026-09-29
D1401,6500107,2026-09-01
D1401,6500918,2026-09-02
D1401,6511114,2026-09-02
D1401,6517560,2026-09-02
D1401,6532448,2026-09-08
D1401,6534818,2026-09-03
D1401,6536816,2026-10-02
D1401,6590790,2026-09-04
D1401,6598520,2026-09-10
D1401,6627769,2026-09-29
D1401,6640640,2026-10-04
D1401,6644198,2026-09-05
D1401,6667402,2026-09-05
D1401,6671646,2026-09-05
D1401,6672826,2026-09-18
D1401,6676581,2026-09-06
D1401,6686694,2026-09-07
D1401,6692150,2026-09-08
D1401,6692437,2026-09-08
D1401,6694859,2026-09-07
D1401,6695431,2026-09-07
D1401,6695482,2026-09-07
D1401,6697175,2026-09-07
D1401,6697365,2026-09-07
D1401,6697377,2026-09-07
D1401,6697496,2026-09-07
D1401,6698756,2026-09-08
D1401,6698757,2026-09-08
D1401,6698996,2026-09-08
D1401,6699076,2026-09-08
D1401,6705444,2026-10-01
D1401,6706238,2026-09-08
D1401,6706840,2026-10-05
D1401,6707316,2026-09-10
D1401,6707334,2026-09-08
D1401,6711359,2026-09-29
D1401,6728292,2026-09-08
D1401,6730273,2026-09-08
D1401,6730496,2026-09-08
D1401,6731079,2026-09-08
D1401,6731643,2026-09-08
D1401,6732908,2026-09-08
D1401,6733479,2026-09-08
D1401,6735616,2026-09-08
D1401,6738709,2026-09-09
D1401,6739774,2026-10-02
D1401,6739859,2026-10-02
D1401,6740760,2026-10-02
D1401,6743524,2026-10-02
D1401,6743603,2026-10-02
D1401,6743713,2026-10-03
D1401,6743976,2026-10-03
D1401,6744828,2026-10-02
D1401,6745940,2026-10-02
D1401,6746150,2026-10-03
D1401,6746647,2026-10-02
D1401,6747087,2026-10-02
D1401,6747573,2026-09-09
D1401,6749218,2026-09-09
D1401,6749226,2026-09-09
D1401,6749227,2026-09-09
D1401,6749230,2026-09-09
D1401,6749237,2026-09-09
D1401,6753212,2026-09-09
D1401,6766545,2026-09-09
D1401,6768843,2026-09-09
D1401,6769643,2026-09-09
D1401,6772903,2026-09-09
D1401,6773236,2026-09-09
D1401,6774985,2026-10-04
D1401,6775315,2026-09-09
D1401,6776993,2026-09-10
D1401,6779891,2026-10-03
D1401,6799856,2026-09-10
D1401,6805545,2026-09-10
D1401,6805686,2026-09-10
D1401,6806966,2026-09-11
D1401,6807079,2026-09-11
D1401,6808514,2026-09-11
D1401,6810860,2026-10-05
D1401,6811135,2026-09-11
D1401,6811158,2026-09-28
D1401,6825200,2026-10-01
D1401,6825586,2026-10-01
D1401,6826227,2026-09-11
D1401,6827337,2026-09-11
D1401,6828487,2026-09-11
D1401,6830432,2026-09-11
D1401,6831261,2026-09-12
D1401,6846477,2026-09-12
D1401,6846785,2026-09-12
D1401,6847877,2026-09-12
D1401,6857250,2026-09-13
D1401,6862813,2026-09-15
D1401,6862891,2026-09-15
D1401,6863223,2026-09-14
D1401,6881762,2026-09-15
D1401,6881806,2026-09-15
D1401,6882053,2026-09-15
D1401,6883816,2026-10-05
D1401,6885352,2026-09-15
D1401,6894039,2026-09-18
D1401,6894661,2026-09-15
D1401,6894664,2026-09-15
D1401,6895809,2026-09-15
D1401,6895811,2026-09-15
D1401,6895836,2026-09-15
D1401,6897483,2026-09-15
D1401,6897521,2026-09-15
D1401,6899646,2026-09-15
D1401,6907465,2026-09-15
D1401,6910236,2026-09-16
D1401,6927348,2026-10-01
D1401,6929415,2026-09-16
D1401,6929429,2026-09-16
D1401,6930024,2026-09-16
D1401,6930199,2026-09-16
D1401,6930641,2026-09-16
D1401,6931342,2026-09-16
D1401,6932523,2026-09-16
D1401,6932807,2026-09-16
D1401,6935181,2026-09-16
D1401,6935340,2026-09-16
D1401,6936135,2026-09-16
D1401,6944021,2026-09-17
D1401,6944025,2026-09-17
D1401,6944028,2026-09-17
D1401,6944098,2026-09-17
D1401,6944116,2026-09-17
D1401,6944119,2026-09-17
D1401,6944120,2026-09-17
D1401,6944174,2026-09-17
D1401,6944193,2026-09-17
D1401,6944216,2026-09-17
D1401,6944221,2026-09-17
D1401,6944230,2026-09-17
D1401,6944236,2026-09-17
D1401,6944243,2026-09-17
D1401,6944247,2026-09-17
D1401,6944265,2026-09-17
D1401,6944272,2026-09-17
D1401,6944274,2026-09-17
D1401,6944280,2026-09-17
D1401,6944286,2026-09-17
D1401,6944296,2026-09-17
D1401,6944297,2026-09-17
D1401,6944309,2026-09-17
D1401,6944310,2026-09-17
D1401,6944318,2026-09-17
D1401,6944321,2026-09-17
D1401,6944333,2026-09-17
D1401,6944367,2026-09-17
D1401,6944381,2026-09-17
D1401,6944390,2026-09-17
D1401,6944490,2026-09-17
D1401,6944818,2026-09-17
D1401,6944892,2026-09-17
D1401,6946611,2026-09-17
D1401,6946831,2026-09-17
D1401,6947401,2026-09-17
D1401,6963675,2026-09-18
D1401,6963790,2026-09-17
D1401,6964068,2026-09-17
D1401,6969390,2026-09-18
D1401,6971719,2026-09-30
D1401,6986518,2026-09-18
D1401,6986535,2026-09-18
D1401,6986537,2026-09-18
D1401,6986552,2026-09-18
D1401,6986595,2026-09-20
D1401,6986618,2026-09-20
D1401,6986636,2026-09-20
D1401,6986642,2026-09-20
D1401,6986655,2026-09-20
D1401,6987188,2026-09-18
D1401,6988079,2026-09-18
D1401,6989866,2026-09-18
D1401,6989885,2026-09-18
D1401,6994725,2026-09-18
D1401,6995019,2026-09-18
D1401,6995297,2026-09-18
D1401,6995360,2026-09-18
D1401,6995465,2026-09-18
D1401,6996483,2026-09-23
D1401,6997772,2026-09-18
D1401,6998195,2026-09-18
D1401,7002265,2026-09-18
D1401,7005053,2026-09-18
D1401,7005216,2026-09-18
D1401,7005275,2026-09-18
D1401,7006014,2026-09-18
D1401,7015046,2026-09-19
D1401,7015246,2026-09-19
D1401,7031044,2026-09-19
D1401,7031082,2026-09-19
D1401,7031110,2026-09-19
D1401,7031411,2026-09-19
D1401,7032626,2026-09-19
D1401,7035968,2026-09-19
D1401,7036005,2026-09-19
D1401,7043810,2026-09-20
D1401,7052606,2026-10-04
D1401,7052948,2026-09-21
D1401,7052982,2026-09-21
D1401,7056662,2026-09-21
D1401,7057502,2026-09-21
D1401,7058158,2026-09-21
D1401,7059153,2026-10-05
D1401,7060148,2026-10-05
D1401,7060911,2026-09-21
D1401,7063117,2026-09-21
D1401,7063131,2026-09-21
D1401,7063176,2026-09-21
D1401,7063360,2026-09-21
D1401,7063506,2026-09-21
D1401,7063524,2026-09-21
D1401,7063540,2026-09-21
D1401,7063569,2026-09-21
D1401,7066889,2026-09-21
D1401,7067042,2026-09-21
D1401,7071392,2026-09-22
D1401,7071560,2026-09-22
D1401,7071995,2026-09-22
D1401,7090053,2026-09-22
D1401,7091130,2026-09-22
D1401,7095251,2026-09-22
D1401,7096468,2026-09-22
D1401,7100479,2026-09-22
D1401,7100772,2026-09-22
D1401,7102867,2026-09-22
D1401,7102910,2026-09-22
D1401,7102916,2026-09-22
D1401,7104716,2026-09-23
D1401,7105155,2026-09-23
D1401,7111083,2026-09-23
D1401,7113003,2026-09-23
D1401,7113766,2026-09-23
D1401,7114017,2026-09-23
D1401,7115723,2026-09-23
D1401,7116164,2026-09-23
D1401,7126093,2026-10-01
D1401,7132284,2026-09-23
D1401,7133089,2026-09-23
D1401,7135170,2026-09-23
D1401,7135203,2026-09-23
D1401,7137630,2026-09-23
D1401,7137726,2026-09-23
D1401,7148612,2026-09-23
D1401,7148704,2026-09-23
D1401,7148714,2026-09-23
D1401,7148752,2026-09-23
D1401,7148986,2026-09-23
D1401,7150243,2026-09-23
D1401,7151217,2026-09-23
D1401,7151296,2026-09-23
D1401,7152374,2026-09-24
D1401,7152382,2026-09-24
D1401,7154491,2026-09-24
D1401,7154808,2026-09-24
D1401,7155705,2026-09-24
D1401,7155951,2026-09-24
D1401,7162167,2026-09-24
D1401,7162863,2026-09-24
D1401,7163581,2026-09-24
D1401,7164830,2026-09-24
D1401,7165011,2026-09-24
D1401,7165253,2026-09-24
D1401,7165820,2026-09-24
D1401,7166088,2026-09-24
D1401,7167464,2026-09-24
D1401,7167570,2026-09-24
D1401,7167626,2026-09-24
D1401,7167711,2026-09-24
D1401,7168250,2026-09-24
D1401,7168519,2026-09-24
D1401,7169542,2026-09-24
D1401,7345237,2026-09-24
D1401,7345244,2026-09-24
D1401,7347112,2026-09-25
D1401,7347147,2026-09-25
D1401,7347194,2026-09-25
D1401,7347213,2026-09-25
D1401,7347288,2026-09-25
D1401,7347531,2026-10-05
D1401,7347800,2026-09-25
D1401,7347822,2026-09-25
D1401,7348506,2026-09-25
D1401,7351798,2026-09-25
D1401,7352331,2026-09-25
D1401,7352508,2026-09-25
D1401,7353617,2026-10-05
D1401,7354534,2026-10-05
D1401,7363008,2026-09-25
D1401,7384248,2026-10-01
D1401,7385497,2026-09-25
D1401,7386851,2026-09-25
D1401,7386912,2026-09-25
D1401,7389573,2026-09-25
D1401,7392970,2026-09-25
D1401,7393772,2026-09-25
D1401,7393890,2026-09-25
D1401,7394289,2026-10-03
D1401,7394499,2026-09-28
D1401,7395037,2026-09-25
D1401,7395419,2026-09-25
D1401,7396466,2026-09-25
D1401,7401086,2026-09-26
D1401,7402662,2026-09-26
D1401,7403593,2026-09-26
D1401,7403594,2026-09-26
D1401,7403798,2026-09-26
D1401,7404632,2026-09-26
D1401,7405327,2026-09-26
D1401,7405606,2026-09-29
D1401,7406999,2026-10-05
D1401,7420092,2026-09-26
D1401,7420650,2026-09-26
D1401,7427967,2026-09-26
D1401,7428165,2026-09-26
D1401,7428434,2026-09-26
D1401,7428890,2026-09-26
D1401,7429795,2026-09-26
D1401,7429823,2026-09-26
D1401,7430973,2026-10-04
D1401,7431032,2026-10-04
D1401,7435972,2026-09-27
D1401,7449145,2026-09-27
D1401,7454104,2026-10-05
D1401,7454228,2026-10-05
D1401,7456887,2026-09-28
D1401,7456891,2026-09-28
D1401,7461653,2026-09-28
D1401,7461696,2026-09-28
D1401,7462656,2026-10-03
D1401,7462787,2026-10-01
D1401,7463347,2026-09-28
D1401,7463787,2026-09-28
D1401,7464492,2026-10-01
D1401,7464845,2026-09-29
D1401,7465061,2026-09-29
D1401,7467128,2026-09-28
D1401,7467263,2026-09-28
D1401,7470981,2026-10-04
D1401,7471673,2026-09-28
D1401,7471747,2026-09-28
D1401,7471784,2026-09-28
D1401,7474561,2026-10-01
D1401,7474788,2026-09-29
D1401,7474994,2026-09-29
D1401,7475055,2026-09-29
D1401,7475291,2026-09-29
D1401,7475790,2026-09-29
D1401,7476082,2026-09-29
D1401,7476752,2026-09-29
D1401,7476817,2026-09-29
D1401,7477174,2026-09-29
D1401,7477575,2026-09-29
D1401,7477746,2026-09-29
D1401,7478019,2026-09-29
D1401,7478507,2026-10-05
D1401,7479753,2026-09-29
D1401,7490275,2026-09-29
D1401,7491080,2026-09-29
D1401,7492284,2026-09-29
D1401,7492712,2026-09-29
D1401,7492847,2026-09-29
D1401,7493893,2026-09-29
D1401,7494102,2026-09-29
D1401,7495950,2026-09-29
D1401,7496075,2026-09-29
D1401,7497442,2026-10-01
D1401,7512761,2026-09-30
D1401,7514114,2026-10-03
D1401,7516379,2026-09-30
D1401,7516836,2026-09-30
D1401,7517116,2026-09-30
D1401,7517973,2026-09-30
D1401,7519265,2026-09-30
D1401,7519283,2026-09-30
D1401,7519555,2026-09-30
D1401,7519589,2026-09-30
D1401,7520603,2026-09-30
D1401,7521797,2026-09-30
D1401,7521921,2026-09-30
D1401,7522299,2026-09-30
D1401,7528426,2026-09-30
D1401,7528435,2026-09-30
D1401,7528452,2026-09-30
D1401,7528570,2026-09-30
D1401,7528602,2026-09-30
D1401,7528636,2026-09-30
D1401,7528768,2026-09-30
D1401,7528791,2026-09-30
D1401,7528821,2026-09-30
D1401,7528827,2026-09-30
D1401,7528829,2026-09-30
D1401,7528838,2026-09-30
D1401,7528951,2026-09-30
D1401,7529371,2026-09-30
D1401,7529780,2026-09-30
D1401,7529786,2026-09-30
D1401,7530832,2026-09-30
D1401,7531324,2026-09-30
D1401,7531357,2026-09-30
D1401,7531485,2026-09-30
D1401,7531955,2026-10-02
D1401,7532099,2026-09-30
D1401,7533820,2026-10-04
D1401,7534251,2026-09-30
D1401,7534567,2026-09-30
D1401,7534570,2026-09-30
D1401,7534591,2026-09-30
D1401,7535954,2026-10-01
D1401,7535980,2026-10-01
D1401,7536073,2026-10-01
D1401,7536306,2026-10-01
D1401,7536893,2026-10-01
D1401,7537094,2026-10-01
D1401,7537107,2026-10-01
D1401,7537429,2026-10-01
D1401,7537540,2026-10-01
D1401,7538457,2026-10-01
D1401,7539502,2026-10-01
D1401,7539710,2026-10-01
D1401,7539832,2026-10-01
D1401,7543747,2026-10-01
D1401,7551429,2026-10-01
D1401,7551432,2026-10-01
D1401,7551572,2026-10-01
D1401,7552951,2026-10-01
D1401,7553499,2026-10-04
D1401,7555071,2026-10-02
D1401,7558102,2026-10-01
D1401,7559991,2026-10-01
D1401,7560145,2026-10-01
D1401,7560827,2026-10-01
D1401,7561532,2026-10-01
D1401,7561601,2026-10-01
D1401,7561665,2026-10-01
D1401,7561927,2026-10-01
D1401,7566764,2026-10-01
D1401,7566844,2026-10-01
D1401,7567124,2026-10-01
D1401,7567629,2026-10-02
D1401,7567634,2026-10-02
D1401,7567640,2026-10-02
D1401,7568385,2026-10-02
D1401,7569145,2026-10-05
D1401,7570197,2026-10-02
D1401,7570328,2026-10-02
D1401,7570665,2026-10-02
D1401,7570755,2026-10-02
D1401,7570765,2026-10-02
D1401,7570907,2026-10-02
D1401,7570924,2026-10-02
D1401,7571052,2026-10-02
D1401,7571636,2026-10-02
D1401,7571695,2026-10-02
D1401,7571899,2026-10-02
D1401,7572109,2026-10-02
D1401,7572194,2026-10-02
D1401,7576766,2026-10-02
D1401,7585330,2026-10-02
D1401,7587626,2026-10-02
D1401,7587724,2026-10-02
D1401,7588698,2026-10-02
D1401,7589498,2026-10-02
D1401,7589680,2026-10-02
D1401,7589799,2026-10-02
D1401,7590951,2026-10-02
D1401,7594796,2026-10-02
D1401,7595390,2026-10-02
D1401,7595570,2026-10-02
D1401,7595599,2026-10-02
D1401,7595608,2026-10-02
D1401,7595624,2026-10-02
D1401,7595630,2026-10-02
D1401,7595646,2026-10-02
D1401,7595651,2026-10-02
D1401,7595673,2026-10-02
D1401,7595687,2026-10-02
D1401,7595816,2026-10-02
D1401,7595861,2026-10-02
D1401,7596016,2026-10-02
D1401,7596916,2026-10-02
D1401,7598015,2026-10-02
D1401,7598237,2026-10-02
D1401,7598609,2026-10-04
D1401,7598959,2026-10-02
D1401,7599753,2026-10-02
D1401,7601219,2026-10-03
D1401,7601306,2026-10-03
D1401,7602664,2026-10-03
D1401,7602667,2026-10-03
D1401,7602681,2026-10-03
D1401,7602690,2026-10-03
D1401,7603675,2026-10-03
D1401,7603809,2026-10-03
D1401,7603818,2026-10-03
D1401,7603843,2026-10-03
D1401,7622955,2026-10-03
D1401,7626287,2026-10-03
D1401,7626752,2026-10-03
D1401,7630059,2026-10-03
D1401,7630872,2026-10-03
D1401,7630895,2026-10-03
D1401,7631002,2026-10-03
D1401,7631384,2026-10-03
D1401,7631637,2026-10-03
D1401,7632331,2026-10-03
D1401,7632954,2026-10-03
D1401,7633492,2026-10-03
D1401,7633831,2026-10-03
D1401,7633905,2026-10-03
D1401,7634340,2026-10-03
D1401,7634376,2026-10-03
D1401,7635502,2026-10-03
D1401,7635749,2026-10-03
D1401,7635872,2026-10-03
D1401,7636063,2026-10-04
D1401,7636518,2026-10-04
D1401,7636625,2026-10-04
D1401,7636731,2026-10-04
D1401,7636801,2026-10-04
D1401,7636837,2026-10-04
D1401,7636843,2026-10-04
D1401,7636846,2026-10-04
D1401,7637497,2026-10-04
D1401,7637695,2026-10-04
D1401,7640251,2026-10-05
D1401,7656197,2026-10-04
D1401,7656873,2026-10-04
D1401,7656881,2026-10-04
D1401,7656953,2026-10-04
D1402,1739531,2026-07-20
D1402,204GGKW,2026-09-17
D1402,209DNYR,2026-09-21
D1402,209LCYF,2026-10-02
D1402,209MYRP,2026-09-17
D1402,210FTHD,2026-10-02
D1402,210SDNX,2026-09-24
D1402,210WSKD,2026-10-02
D1402,210WSQK,2026-10-01
D1402,210YDHY,2026-10-02
D1402,211BPNR,2026-09-25
D1402,211BPPJ,2026-09-25
D1402,211LNXQ,2026-09-28
D1402,211WMNJ,2026-10-02
D1402,212CFJB,2026-09-29
D1402,212CNMC,2026-10-02
D1402,212DBRQ,2026-09-23
D1402,212FTLR,2026-10-01
D1402,212GPTM,2026-09-21
D1402,212JJVP,2026-10-02
D1402,212JZHR,2026-10-02
D1402,212LZJS,2026-09-22
D1402,212NVWJ,2026-09-30
D1402,212SFZR,2026-10-01
D1402,212YDQK,2026-09-25
D1402,213DVLG,2026-09-30
D1402,213DZWX,2026-10-01
D1402,213FYQC,2026-09-25
D1402,213GQFN,2026-09-30
D1402,213HKRR,2026-10-01
D1402,213HNCS,2026-10-01
D1402,213JPRJ,2026-10-01
D1402,213LYWP,2026-09-27
D1402,213MFKH,2026-09-23
D1402,213NCSN,2026-09-30
D1402,213NHPH,2026-09-24
D1402,213NKSH,2026-09-22
D1402,213NKTT,2026-09-22
D1402,213NKVR,2026-09-22
D1402,213NKWF,2026-09-22
D1402,213NKYW,2026-09-22
D1402,213NLBB,2026-09-22
D1402,213NQXR,2026-10-01
D1402,213PVVL,2026-10-02
D1402,213QVGT,2026-09-25
D1402,213RLFZ,2026-09-26
D1402,213RQXP,2026-09-23
D1402,213RSRV,2026-09-26
D1402,213RWGL,2026-09-11
D1402,213SKNH,2026-09-26
D1402,213SLFK,2026-09-22
D1402,213SZRZ,2026-10-02
D1402,213TBJM,2026-10-02
D1402,213TDQM,2026-09-27
D1402,213THCZ,2026-09-27
D1402,213THGZ,2026-09-11
D1402,213TQGX,2026-09-27
D1402,213TRGL,2026-09-27
D1402,213VGCD,2026-09-30
D1402,213WCQP,2026-09-30
D1402,213WSLW,2026-10-01
D1402,213XDBQ,2026-10-01
D1402,213XYVW,2026-10-02
D1402,213YDDK,2026-09-30
D1402,213YHPP,2026-10-02
D1402,213YHXW,2026-09-28
D1402,213YKPM,2026-10-02
D1402,213YXZN,2026-10-02
D1402,213YYFC,2026-10-02
D1402,213ZMYS,2026-10-03
D1402,213ZMZB,2026-09-17
D1402,213ZNQD,2026-10-03
D1402,213ZSTC,2026-09-29
D1402,214BFXV,2026-09-21
D1402,214BVVD,2026-10-04
D1402,214BYKH,2026-10-04
D1402,214BZFJ,2026-10-04
D1402,214CDBD,2026-09-21
D1402,214CMCH,2026-10-04
D1402,214CWBF,2026-09-21
D1402,214CWCW,2026-09-21
D1402,214DKXZ,2026-09-22
D1402,214DPYF,2026-09-23
D1402,214DSKX,2026-09-28
D1402,214FBTS,2026-09-22
D1402,214FJHL,2026-09-22
D1402,214FTSP,2026-09-30
D1402,214FWRR,2026-09-22
D1402,214FWSF,2026-09-22
D1402,214FWVX,2026-09-22
D1402,214FWXC,2026-09-22
D1402,214FWXW,2026-09-22
D1402,214FWYS,2026-09-22
D1402,214FWZC,2026-09-22
D1402,214FWZN,2026-09-22
D1402,214FWZV,2026-09-22
D1402,214FXBN,2026-09-22
D1402,214FXCK,2026-09-22
D1402,214FXCS,2026-09-22
D1402,214FXCZ,2026-09-22
D1402,214FXDX,2026-09-22
D1402,214FXFN,2026-09-22
D1402,214FXFW,2026-09-22
D1402,214FXGC,2026-09-22
D1402,214FXGP,2026-09-22
D1402,214FXHH,2026-09-22
D1402,214FXHP,2026-09-22
D1402,214FXHZ,2026-09-22
D1402,214FXJJ,2026-09-22
D1402,214FXJS,2026-09-22
D1402,214GBZS,2026-09-23
D1402,214GNWG,2026-09-23
D1402,214GTLY,2026-09-23
D1402,214GVNX,2026-10-02
D1402,214HFTN,2026-09-23
D1402,214HKPX,2026-09-23
D1402,214HPZP,2026-09-23
D1402,214HQRY,2026-09-23
D1402,214HQTT,2026-09-23
D1402,214JCWL,2026-09-24
D1402,214JFMJ,2026-09-24
D1402,214JGJT,2026-09-24
D1402,214JGXK,2026-09-24
D1402,214JLRQ,2026-09-24
D1402,214JMGN,2026-09-24
D1402,214JNTQ,2026-09-24
D1402,214JSXJ,2026-09-24
D1402,214KBJZ,2026-09-25
D1402,214KFSH,2026-09-25
D1402,214KJHB,2026-09-25
D1402,214KLVN,2026-09-28
D1402,214KNRK,2026-09-25
D1402,214LDCJ,2026-09-28
D1402,214LJMQ,2026-09-25
D1402,214LLLB,2026-09-28
D1402,214LTNB,2026-09-28
D1402,214LWVN,2026-09-28
D1402,214MBPL,2026-09-30
D1402,214MJDF,2026-09-28
D1402,214MJPT,2026-09-28
D1402,214MTVX,2026-09-29
D1402,214MYTM,2026-09-30
D1402,214NBRP,2026-09-29
D1402,214NGYV,2026-09-30
D1402,214NJVQ,2026-09-29
D1402,214NLKM,2026-09-30
D1402,214NXFT,2026-09-29
D1402,214NYMK,2026-09-29
D1402,214PNTQ,2026-10-02
D1402,214PYMN,2026-10-01
D1402,214QCNW,2026-10-02
D1402,214QCQY,2026-09-30
D1402,214QFGW,2026-10-01
D1402,214QLVX,2026-10-01
D1402,214QMQY,2026-10-01
D1402,214QYWP,2026-10-02
D1402,214RCPN,2026-10-01
D1402,214RCQJ,2026-10-01
D1402,214RCQZ,2026-10-01
D1402,214RCRS,2026-10-01
D1402,214RCSM,2026-10-01
D1402,214RCTM,2026-10-01
D1402,214RCVF,2026-10-01
D1402,214RCVX,2026-10-01
D1402,214RCWP,2026-10-01
D1402,214RCXG,2026-10-01
D1402,214RCYB,2026-10-01
D1402,214RCYX,2026-10-01
D1402,214RCZW,2026-10-01
D1402,214RGFB,2026-10-01
D1402,214RGGS,2026-10-01
D1402,214RQYS,2026-10-02
D1402,214RRGV,2026-10-02
D1402,214RXQL,2026-10-02
D1402,214RXRG,2026-10-02
D1402,214RXRY,2026-10-02
D1402,214RXSN,2026-10-02
D1402,214RXVN,2026-10-02
D1402,214RXYG,2026-10-02
D1402,214RXZN,2026-10-02
D1402,214RYBQ,2026-10-02
D1402,214RYBY,2026-10-02
D1402,214RYDL,2026-10-02
D1402,214RYFM,2026-10-02
D1402,214RYGL,2026-10-02
D1402,214RYGZ,2026-10-02
D1402,214RYHP,2026-10-02
D1402,214RYKJ,2026-10-02
D1402,214RYLF,2026-10-02
D1402,214RYMH,2026-10-02
D1402,214RYNF,2026-10-02
D1402,214RYPF,2026-10-02
D1402,214RYQB,2026-10-02
D1402,214RYRF,2026-10-02
D1402,214RYSM,2026-10-02
D1402,214RYTL,2026-10-02
D1402,214RYWG,2026-10-02
D1402,214RYXH,2026-10-02
D1402,214RYYD,2026-10-02
D1402,214RYYT,2026-10-02
D1402,214RYZR,2026-10-02
D1402,214RZBV,2026-10-02
D1402,214RZCT,2026-10-02
D1402,214RZDM,2026-10-02
D1402,214RZFF,2026-10-02
D1402,214RZGH,2026-10-02
D1402,214RZHG,2026-10-02
D1402,214RZKD,2026-10-02
D1402,214RZKZ,2026-10-02
D1402,214RZNW,2026-10-02
D1402,214RZQT,2026-10-02
D1402,214RZRF,2026-10-02
D1402,214RZSG,2026-10-02
D1402,214RZTD,2026-10-02
D1402,214RZTT,2026-10-02
D1402,214RZVN,2026-10-02
D1402,214RZWP,2026-10-02
D1402,214SDJP,2026-10-02
D1402,214SDKR,2026-10-02
D1402,214SGBG,2026-10-02
D1402,214SGPZ,2026-10-02
D1402,214SHLR,2026-10-02
D1402,214SLPL,2026-10-02
D1402,214SYCC,2026-10-03
D1402,3722957,2026-10-04
D1402,3846299,2026-07-15
D1402,4175812,2026-10-02
D1402,4175819,2026-10-02
D1402,4457166,2026-09-02
D1402,4457219,2026-09-02
D1402,4457249,2026-09-02
D1402,4606300,2026-09-02
D1402,4625652,2026-07-07
D1402,4625678,2026-07-07
D1402,4625683,2026-07-07
D1402,4625687,2026-07-07
D1402,4648215,2026-07-07
D1402,4672291,2026-09-10
D1402,4769222,2026-07-09
D1402,4769356,2026-07-09
D1402,4783926,2026-07-15
D1402,4784494,2026-07-15
D1402,4812714,2026-08-25
D1402,4943575,2026-10-02
D1402,5010365,2026-07-15
D1402,5118955,2026-10-03
D1402,5121824,2026-09-15
D1402,5122611,2026-09-19
D1402,5122618,2026-09-15
D1402,5130833,2026-08-31
D1402,5193269,2026-08-31
D1402,5203025,2026-07-22
D1402,5218252,2026-07-21
D1402,5228069,2026-09-11
D1402,5403848,2026-08-31
D1402,5403849,2026-08-31
D1402,5479207,2026-07-27
D1402,5517405,2026-10-03
D1402,5517408,2026-10-03
D1402,5517409,2026-10-03
D1402,5563709,2026-07-29
D1402,5630018,2026-10-03
D1402,5639071,2026-08-31
D1402,5660472,2026-08-22
D1402,5682735,2026-08-02
D1402,5706220,2026-08-05
D1402,5708030,2026-08-25
D1402,5779551,2026-08-06
D1402,5791940,2026-08-06
D1402,5793002,2026-08-06
D1402,5827882,2026-08-21
D1402,5940166,2026-08-12
D1402,5940773,2026-08-12
D1402,5959867,2026-08-22
D1402,5959896,2026-09-02
D1402,6000918,2026-08-14
D1402,6026587,2026-09-21
D1402,6050124,2026-10-03
D1402,6051021,2026-08-17
D1402,6090172,2026-09-17
D1402,6181690,2026-08-21
D1402,6236516,2026-08-24
D1402,6241022,2026-09-23
D1402,6265992,2026-08-28
D1402,6276133,2026-09-02
D1402,6276553,2026-09-02
D1402,6281485,2026-09-18
D1402,6315044,2026-09-08
D1402,6315047,2026-09-08
D1402,6315054,2026-09-08
D1402,6315555,2026-09-02
D1402,6315556,2026-09-02
D1402,6315563,2026-09-02
D1402,6315577,2026-09-02
D1402,6315585,2026-09-02
D1402,6318456,2026-08-29
D1402,6322942,2026-08-27
D1402,6358534,2026-08-28
D1402,6358546,2026-08-28
D1402,6395185,2026-08-29
D1402,6399442,2026-08-29
D1402,6429062,2026-09-28
D1402,6444756,2026-08-31
D1402,6444781,2026-08-31
D1402,6444783,2026-08-31
D1402,6444836,2026-08-31
D1402,6444854,2026-08-31
D1402,6461778,2026-09-11
D1402,6466016,2026-09-08
D1402,6466019,2026-09-08
D1402,6466716,2026-09-02
D1402,6466889,2026-09-02
D1402,6467118,2026-09-02
D1402,6532454,2026-10-04
D1402,6534193,2026-10-03
D1402,6535161,2026-09-27
D1402,6570999,2026-09-24
D1402,6588871,2026-09-03
D1402,6589111,2026-09-03
D1402,6589171,2026-09-03
D1402,6590029,2026-09-03
D1402,6590144,2026-09-03
D1402,6590147,2026-09-03
D1402,6590148,2026-09-03
D1402,6598567,2026-09-04
D1402,6635697,2026-09-04
D1402,6635709,2026-09-04
D1402,6639459,2026-10-04
D1402,6644201,2026-09-05
D1402,6664734,2026-10-04
D1402,6707340,2026-09-08
D1402,6729351,2026-09-08
D1402,6735676,2026-09-08
D1402,6736124,2026-09-08
D1402,6738686,2026-09-09
D1402,6740856,2026-10-02
D1402,6747476,2026-09-09
D1402,6747477,2026-09-09
D1402,6747478,2026-09-09
D1402,6747487,2026-09-09
D1402,6747494,2026-09-09
D1402,6747506,2026-09-09
D1402,6747510,2026-09-09
D1402,6747513,2026-09-09
D1402,6772819,2026-09-09
D1402,6773086,2026-09-09
D1402,6774179,2026-09-09
D1402,6776406,2026-10-03
D1402,6776407,2026-10-03
D1402,6782049,2026-09-10
D1402,6803150,2026-09-10
D1402,6803575,2026-09-10
D1402,6805921,2026-09-10
D1402,6805957,2026-09-10
D1402,6808091,2026-09-11
D1402,6809003,2026-10-04
D1402,6809345,2026-10-04
D1402,6825885,2026-10-01
D1402,6826397,2026-09-11
D1402,6826423,2026-09-11
D1402,6832409,2026-09-12
D1402,6832973,2026-10-05
D1402,6884584,2026-10-05
D1402,6884597,2026-09-15
D1402,6884619,2026-10-05
D1402,6907264,2026-10-02
D1402,6911306,2026-09-16
D1402,6962461,2026-10-04
D1402,6963062,2026-10-04
D1402,6963690,2026-09-17
D1402,6963937,2026-09-17
D1402,6964022,2026-09-17
D1402,6964547,2026-09-17
D1402,6968921,2026-09-23
D1402,6968928,2026-09-23
D1402,6969735,2026-09-18
D1402,6970105,2026-09-18
D1402,6988083,2026-09-18
D1402,6992127,2026-09-18
D1402,6992280,2026-09-18
D1402,6994598,2026-09-18
D1402,6997231,2026-09-18
D1402,6997257,2026-09-18
D1402,6997274,2026-09-18
D1402,6997306,2026-09-18
D1402,6997308,2026-09-18
D1402,6997328,2026-09-18
D1402,6997334,2026-09-18
D1402,6999224,2026-09-18
D1402,6999233,2026-09-18
D1402,6999275,2026-09-18
D1402,6999279,2026-09-18
D1402,6999280,2026-09-18
D1402,6999281,2026-09-18
D1402,6999284,2026-09-18
D1402,6999292,2026-09-18
D1402,6999294,2026-09-18
D1402,6999298,2026-09-18
D1402,6999302,2026-09-18
D1402,6999303,2026-09-18
D1402,6999313,2026-09-18
D1402,6999336,2026-09-18
D1402,6999347,2026-09-18
D1402,6999354,2026-09-18
D1402,6999377,2026-09-18
D1402,6999388,2026-09-18
D1402,6999392,2026-09-18
D1402,6999413,2026-09-18
D1402,6999432,2026-09-18
D1402,6999436,2026-09-18
D1402,6999445,2026-09-18
D1402,6999448,2026-09-18
D1402,6999451,2026-09-18
D1402,7000473,2026-09-18
D1402,7001868,2026-09-25
D1402,7005075,2026-09-18
D1402,7005098,2026-09-18
D1402,7005952,2026-09-18
D1402,7013846,2026-09-29
D1402,7036064,2026-09-20
D1402,7056987,2026-09-21
D1402,7058565,2026-09-21
D1402,7066392,2026-09-21
D1402,7066393,2026-09-21
D1402,7066637,2026-09-21
D1402,7070464,2026-09-22
D1402,7071763,2026-09-22
D1402,7091287,2026-09-22
D1402,7099635,2026-09-22
D1402,7111207,2026-09-23
D1402,7131992,2026-09-23
D1402,7132755,2026-09-23
D1402,7134851,2026-09-23
D1402,7149312,2026-09-23
D1402,7149333,2026-09-23
D1402,7149335,2026-09-23
D1402,7149337,2026-09-23
D1402,7149351,2026-09-23
D1402,7149355,2026-09-23
D1402,7149399,2026-09-26
D1402,7149433,2026-09-23
D1402,7149915,2026-09-23
D1402,7164997,2026-09-24
D1402,7165270,2026-09-24
D1402,7167961,2026-09-24
D1402,7168335,2026-09-24
D1402,7168481,2026-09-24
D1402,7168734,2026-09-24
D1402,7169191,2026-09-24
D1402,7169569,2026-09-24
D1402,7347773,2026-10-04
D1402,7348008,2026-10-02
D1402,7349671,2026-09-25
D1402,7351591,2026-09-25
D1402,7379886,2026-10-01
D1402,7380062,2026-09-25
D1402,7380133,2026-09-25
D1402,7385058,2026-09-25
D1402,7385067,2026-09-25
D1402,7385715,2026-09-25
D1402,7396800,2026-09-25
D1402,7397884,2026-09-25
D1402,7400867,2026-09-26
D1402,7402815,2026-09-26
D1402,7403910,2026-09-26
D1402,7404254,2026-09-26
D1402,7421971,2026-10-04
D1402,7427148,2026-09-26
D1402,7427428,2026-09-26
D1402,7429388,2026-09-26
D1402,7430394,2026-09-26
D1402,7430818,2026-10-04
D1402,7430833,2026-10-04
D1402,7430844,2026-10-04
D1402,7430962,2026-10-04
D1402,7430963,2026-10-04
D1402,7430965,2026-10-04
D1402,7437033,2026-09-27
D1402,7449432,2026-09-27
D1402,7452027,2026-09-27
D1402,7452087,2026-09-27
D1402,7453021,2026-09-28
D1402,7453022,2026-09-28
D1402,7465080,2026-09-29
D1402,7472652,2026-09-29
D1402,7474363,2026-09-29
D1402,7491196,2026-09-29
D1402,7491632,2026-09-29
D1402,7514671,2026-10-04
D1402,7516894,2026-09-30
D1402,7517693,2026-09-30
D1402,7530637,2026-09-30
D1402,7531178,2026-09-30
D1402,7531275,2026-09-30
D1402,7532019,2026-09-30
D1402,7533796,2026-10-04
D1402,7533800,2026-10-04
D1402,7533849,2026-10-04
D1402,7533851,2026-10-04
D1402,7533852,2026-10-04
D1402,7534330,2026-10-02
D1402,7534359,2026-09-30
D1402,7534398,2026-09-30
D1402,7537813,2026-10-01
D1402,7537822,2026-10-01
D1402,7537831,2026-10-01
D1402,7553104,2026-10-01
D1402,7554345,2026-10-01
D1402,7555731,2026-10-01
D1402,7561171,2026-10-01
D1402,7561389,2026-10-01
D1402,7564865,2026-10-01
D1402,7565750,2026-10-01
D1402,7565986,2026-10-01
D1402,7566019,2026-10-01
D1402,7566074,2026-10-01
D1402,7566855,2026-10-01
D1402,7566918,2026-10-01
D1402,7567111,2026-10-01
D1402,7567871,2026-10-02
D1402,7570345,2026-10-02
D1402,7570684,2026-10-02
D1402,7571082,2026-10-02
D1402,7586332,2026-10-02
D1402,7596126,2026-10-02
D1402,7597221,2026-10-02
D1402,7600093,2026-10-02
D1402,7600495,2026-10-02
D1402,7600906,2026-10-02
D1402,7601250,2026-10-03
D1402,7601400,2026-10-03
D1402,7601589,2026-10-03
D1402,7626273,2026-10-03
D1402,7626300,2026-10-03
D1402,7626333,2026-10-03
D1402,7626426,2026-10-03
D1402,7632305,2026-10-03
D1402,7632310,2026-10-03
D1402,7633118,2026-10-03
D1402,7635913,2026-10-03
D1402,7636006,2026-10-03
D1402,7636100,2026-10-04
D1402,7636407,2026-10-04
D1402,7655991,2026-10-04
D1402,7656054,2026-10-04
D1402,7656952,2026-10-04
D1403,192NKVC,2026-09-21
D1403,192NKWB,2026-09-21
D1403,192NKWZ,2026-09-21
D1403,192NKYF,2026-09-21
D1403,192NKZH,2026-09-21
D1403,192NLBL,2026-09-21
D1403,192NLCG,2026-09-21
D1403,192NLCY,2026-09-21
D1403,192NLDR,2026-09-21
D1403,192NLFB,2026-09-21
D1403,192NLFJ,2026-09-21
D1403,192NLFY,2026-09-21
D1403,192NLGL,2026-09-21
D1403,192NLHZ,2026-09-21
D1403,192NLKR,2026-09-21
D1403,192NLLM,2026-09-21
D1403,192NLLZ,2026-09-21
D1403,192NLMT,2026-09-21
D1403,192NLNH,2026-09-22
D1403,192NLNV,2026-09-22
D1403,192NLPK,2026-09-22
D1403,192NLQW,2026-09-22
D1403,192NLRM,2026-09-22
D1403,192NLSC,2026-09-22
D1403,192NLSL,2026-09-22
D1403,192NLSW,2026-09-22
D1403,192NLTB,2026-09-22
D1403,192NLTT,2026-09-22
D1403,192NLVJ,2026-09-22
D1403,192NLWB,2026-09-22
D1403,192NLXV,2026-09-22
D1403,192NLYK,2026-09-22
D1403,192NMBD,2026-09-22
D1403,192NMDC,2026-09-22
D1403,192NMJB,2026-09-22
D1403,192NMJV,2026-09-22
D1403,192NMKG,2026-09-22
D1403,192NMPN,2026-09-22
D1403,192NMQG,2026-09-22
D1403,192NMQR,2026-09-21
D1403,192NMTV,2026-09-22
D1403,192NMVY,2026-09-22
D1403,192NMXF,2026-09-22
D1403,192NMXT,2026-09-22
D1403,192NMYH,2026-09-22
D1403,192NMZH,2026-09-22
D1403,192NMZV,2026-09-22
D1403,192NNFG,2026-09-22
D1403,192NNHL,2026-09-22
D1403,192NNHV,2026-09-22
D1403,192NNXK,2026-09-22
D1403,192NRNM,2026-09-22
D1403,192NRNR,2026-09-22
D1403,192NRPF,2026-09-22
D1403,192NRPL,2026-09-22
D1403,192NRPV,2026-09-22
D1403,192NRQC,2026-09-22
D1403,192NRQK,2026-09-22
D1403,192NRQR,2026-09-22
D1403,192NRRB,2026-09-22
D1403,192NRRJ,2026-09-22
D1403,192NRRP,2026-09-23
D1403,192NRRX,2026-09-23
D1403,192NRSM,2026-09-22
D1403,192NRSQ,2026-09-23
D1403,192NRSY,2026-09-23
D1403,192NRTV,2026-09-23
D1403,192NRTX,2026-09-23
D1403,192NRVD,2026-09-23
D1403,192NRVN,2026-09-23
D1403,192NRVQ,2026-09-23
D1403,192NRWP,2026-09-23
D1403,192NRWS,2026-09-23
D1403,192NRWW,2026-09-24
D1403,192NRXC,2026-09-24
D1403,192NRXJ,2026-09-23
D1403,192NRXP,2026-09-23
D1403,192NRXV,2026-09-23
D1403,192NRYB,2026-09-23
D1403,192NRYH,2026-09-23
D1403,192NSBR,2026-09-24
D1403,192NSGL,2026-09-24
D1403,192NSKD,2026-09-23
D1403,192NSKX,2026-09-23
D1403,192NSLF,2026-09-24
D1403,192NSRC,2026-09-23
D1403,192NSTX,2026-09-23
D1403,192NSXB,2026-09-23
D1403,192NSYF,2026-09-23
D1403,192NVZH,2026-09-29
D1403,192NWBD,2026-09-23
D1403,192NWBS,2026-09-23
D1403,192NWCH,2026-09-23
D1403,192NWCT,2026-09-23
D1403,192NWGJ,2026-09-22
D1403,192NWGX,2026-09-29
D1403,192NWHP,2026-09-29
D1403,192NWJH,2026-09-29
D1403,192NWKC,2026-09-29
D1403,192NWLD,2026-09-29
D1403,192NWLX,2026-09-29
D1403,192NWMM,2026-09-23
D1403,192NWMV,2026-09-29
D1403,192NWNL,2026-09-28
D1403,192NWNV,2026-09-23
D1403,192NWPM,2026-09-23
D1403,192NWPX,2026-09-28
D1403,192NWRC,2026-09-23
D1403,192NWRP,2026-09-23
D1403,192NWRX,2026-09-23
D1403,192NWSK,2026-09-23
D1403,192NWSZ,2026-09-23
D1403,192NWTP,2026-09-23
D1403,192NWTX,2026-09-22
D1403,192NWVQ,2026-09-23
D1403,192NWWT,2026-09-23
D1403,192NXGP,2026-09-21
D1403,192NXHG,2026-09-23
D1403,192NXJH,2026-09-23
D1403,192NZND,2026-09-23
D1403,192PBWF,2026-09-28
D1403,192PCWR,2026-09-21
D1403,192PDHK,2026-09-23
D1403,192PDKQ,2026-09-23
D1403,192PDLT,2026-09-23
D1403,192PDMQ,2026-09-23
D1403,192PDNP,2026-09-22
D1403,192PDPZ,2026-09-23
D1403,192PDQS,2026-09-23
D1403,192PGQS,2026-09-23
D1403,192PGRL,2026-09-23
D1403,192PGSD,2026-09-23
D1403,192PGTM,2026-09-23
D1403,192PGVQ,2026-09-23
D1403,192PGWK,2026-09-23
D1403,192PGWY,2026-09-23
D1403,192PGYC,2026-09-23
D1403,192PGZM,2026-09-23
D1403,192PHCB,2026-09-23
D1403,192PHDX,2026-09-23
D1403,192PHGV,2026-09-23
D1403,192PHJJ,2026-09-23
D1403,192PHLN,2026-09-23
D1403,192PHNQ,2026-09-23
D1403,192PHPW,2026-09-24
D1403,192PHQV,2026-09-24
D1403,192PHRG,2026-09-23
D1403,192PHRW,2026-09-24
D1403,192PHWH,2026-09-28
D1403,192PHWZ,2026-09-28
D1403,192PHXX,2026-09-28
D1403,192PHYN,2026-09-28
D1403,192PJGJ,2026-09-24
D1403,192PJGZ,2026-09-24
D1403,192PJHJ,2026-09-29
D1403,192PJHX,2026-09-24
D1403,192PJJL,2026-09-24
D1403,192PJJX,2026-09-29
D1403,192PJKN,2026-09-29
D1403,192PJLB,2026-09-29
D1403,192PJLN,2026-09-29
D1403,192PJLR,2026-09-29
D1403,192PJMD,2026-09-29
D1403,192PJMY,2026-09-23
D1403,192PJNF,2026-09-24
D1403,192PJPK,2026-09-24
D1403,192PJPV,2026-09-24
D1403,192PJQJ,2026-09-24
D1403,192PJQR,2026-09-25
D1403,192PJRF,2026-09-28
D1403,192PJRP,2026-09-28
D1403,192PJRX,2026-09-28
D1403,192PJSL,2026-09-28
D1403,192PJTD,2026-09-28
D1403,192PJTK,2026-09-28
D1403,192PJTW,2026-09-28
D1403,192PJVF,2026-09-28
D1403,192PJVJ,2026-09-28
D1403,192PJVQ,2026-09-28
D1403,192PJVX,2026-09-29
D1403,192PJVZ,2026-09-29
D1403,192PJWG,2026-09-29
D1403,192PJWN,2026-09-28
D1403,192PJWT,2026-09-28
D1403,192PJWX,2026-09-28
D1403,192PJXC,2026-09-28
D1403,192PJXJ,2026-09-29
D1403,192PJXN,2026-09-28
D1403,192PJXT,2026-09-28
D1403,192PJXX,2026-09-29
D1403,192PJYC,2026-09-28
D1403,192PJYF,2026-09-29
D1403,192PJYK,2026-09-28
D1403,192PJYP,2026-09-29
D1403,192PJYR,2026-09-28
D1403,192PJYS,2026-09-28
D1403,192PJZB,2026-09-29
D1403,192PJZH,2026-09-28
D1403,192PJZP,2026-09-28
D1403,192PJZT,2026-09-28
D1403,192PKBB,2026-09-28
D1403,192PKBG,2026-09-29
D1403,192PKBJ,2026-09-28
D1403,192PKBN,2026-09-28
D1403,192PKBV,2026-09-28
D1403,192PKBZ,2026-09-28
D1403,192PKCD,2026-09-28
D1403,192PKCJ,2026-09-28
D1403,192PKCP,2026-09-23
D1403,192PKCR,2026-09-29
D1403,192PKCY,2026-09-25
D1403,192PKDD,2026-09-23
D1403,192PKDG,2026-09-23
D1403,192PKDL,2026-09-23
D1403,192PKDM,2026-09-23
D1403,192PKDN,2026-09-23
D1403,192PKFD,2026-09-23
D1403,204HTXD,2026-09-22
D1403,205FGHF,2026-09-28
D1403,205GRFM,2026-09-15
D1403,207PGWT,2026-09-28
D1403,207SGTQ,2026-10-02
D1403,209FJBF,2026-09-30
D1403,209JGXN,2026-09-28
D1403,209MMQR,2026-09-15
D1403,209PWKS,2026-07-20
D1403,209TGZB,2026-09-22
D1403,209ZQHF,2026-07-17
D1403,210DQQZ,2026-09-28
D1403,210DQRX,2026-09-28
D1403,210DQSV,2026-09-28
D1403,210LCLX,2026-09-30
D1403,211CCHQ,2026-09-08
D1403,211GQCP,2026-10-02
D1403,211LGVJ,2026-10-02
D1403,211QLWV,2026-10-02
D1403,211RJDK,2026-10-02
D1403,211RKKH,2026-09-23
D1403,211TSPQ,2026-10-01
D1403,212BSNT,2026-09-17
D1403,212BSPQ,2026-09-17
D1403,212DPXH,2026-09-30
D1403,212FCLZ,2026-09-15
D1403,212GWXC,2026-10-02
D1403,212GYLF,2026-10-02
D1403,212HDMW,2026-09-11
D1403,212KDJJ,2026-09-25
D1403,212KHCB,2026-09-15
D1403,212LBBP,2026-09-28
D1403,212MHHX,2026-09-14
D1403,212NPKS,2026-09-14
D1403,212PYGX,2026-09-28
D1403,212QMJZ,2026-10-02
D1403,212SPHS,2026-10-01
D1403,212SPJM,2026-10-01
D1403,212TBJF,2026-09-28
D1403,212VGJR,2026-09-28
D1403,212VLGX,2026-09-29
D1403,212WSQN,2026-10-01
D1403,212WVXC,2026-09-30
D1403,212XDSM,2026-09-18
D1403,212XTRT,2026-09-18
D1403,212ZDPX,2026-10-02
D1403,213CRGT,2026-10-01
D1403,213CSVL,2026-10-02
D1403,213CZCR,2026-10-01
D1403,213DLBP,2026-09-29
D1403,213DRMC,2026-10-01
D1403,213FHHT,2026-10-01
D1403,213FRVW,2026-09-23
D1403,213FWCN,2026-09-10
D1403,213GNDM,2026-09-25
D1403,213GNLB,2026-09-28
D1403,213GWDK,2026-10-02
D1403,213JBGK,2026-10-01
D1403,213JBNY,2026-09-30
D1403,213LQYJ,2026-09-22
D1403,213LYPB,2026-09-29
D1403,213LYYD,2026-09-23
D1403,213LZCJ,2026-09-23
D1403,213LZFG,2026-09-23
D1403,213LZGG,2026-09-23
D1403,213LZHD,2026-09-23
D1403,213LZJX,2026-09-23
D1403,213LZKK,2026-09-23
D1403,213LZNF,2026-09-23
D1403,213LZPL,2026-09-23
D1403,213LZSB,2026-09-23
D1403,213LZTC,2026-09-23
D1403,213MBBP,2026-09-23
D1403,213MBFY,2026-09-23
D1403,213MBNS,2026-09-23
D1403,213MBQK,2026-09-23
D1403,213MBSM,2026-09-21
D1403,213MBTW,2026-09-21
D1403,213MBWC,2026-09-21
D1403,213MBXH,2026-09-21
D1403,213MCCB,2026-09-21
D1403,213MCJZ,2026-09-23
D1403,213MCWZ,2026-09-23
D1403,213MCYN,2026-09-23
D1403,213MCZM,2026-09-28
D1403,213MCZX,2026-09-21
D1403,213MDBW,2026-09-21
D1403,213MDDJ,2026-09-21
D1403,213MDFB,2026-09-21
D1403,213MDFZ,2026-09-23
D1403,213MDGW,2026-09-21
D1403,213MDHQ,2026-09-21
D1403,213MDQY,2026-09-21
D1403,213MDSB,2026-09-21
D1403,213MDSR,2026-09-23
D1403,213MDWB,2026-09-21
D1403,213MDXD,2026-09-21
D1403,213MDYG,2026-09-21
D1403,213MDYZ,2026-09-21
D1403,213MDZT,2026-09-21
D1403,213MFBT,2026-09-21
D1403,213MFCV,2026-09-21
D1403,213MFDR,2026-09-21
D1403,213MFGS,2026-09-21
D1403,213MLNQ,2026-09-23
D1403,213MLZT,2026-10-02
D1403,213MMNH,2026-09-23
D1403,213MPZD,2026-10-01
D1403,213MQQG,2026-09-23
D1403,213MQVK,2026-09-30
D1403,213NHSQ,2026-09-30
D1403,213NMKL,2026-10-02
D1403,213PBRC,2026-09-24
D1403,213PKXQ,2026-09-29
D1403,213PMNJ,2026-09-24
D1403,213PSVC,2026-09-09
D1403,213PTLQ,2026-09-25
D1403,213QLBL,2026-09-30
D1403,213QPHK,2026-09-28
D1403,213QQFS,2026-09-10
D1403,213QQLT,2026-10-02
D1403,213QRFN,2026-09-10
D1403,213QXVP,2026-09-28
D1403,213QZBC,2026-09-25
D1403,213RCSJ,2026-10-02
D1403,213RJMG,2026-09-30
D1403,213RKFR,2026-09-11
D1403,213RSHZ,2026-09-14
D1403,213RXWT,2026-09-23
D1403,213RZNF,2026-09-10
D1403,213SFBD,2026-09-26
D1403,213SMYW,2026-09-11
D1403,213SMYZ,2026-10-02
D1403,213SNFJ,2026-10-02
D1403,213SRMF,2026-09-25
D1403,213TCBZ,2026-09-28
D1403,213TKRX,2026-09-29
D1403,213TKVW,2026-09-11
D1403,213TNQR,2026-09-11
D1403,213TPDG,2026-09-27
D1403,213TSVQ,2026-09-27
D1403,213TTXL,2026-09-28
D1403,213TVLK,2026-09-12
D1403,213TZBB,2026-09-30
D1403,213VRFW,2026-09-14
D1403,213VTHQ,2026-09-28
D1403,213VVVY,2026-09-15
D1403,213WBJT,2026-09-15
D1403,213WDJZ,2026-10-02
D1403,213WFMR,2026-09-30
D1403,213WJCD,2026-09-24
D1403,213WJXZ,2026-09-15
D1403,213WMVL,2026-09-30
D1403,213WPGF,2026-09-29
D1403,213WQFS,2026-09-22
D1403,213WQHJ,2026-10-01
D1403,213WQJN,2026-10-01
D1403,213WQKW,2026-10-01
D1403,213WQMG,2026-10-01
D1403,213WQNN,2026-10-01
D1403,213WQPW,2026-10-01
D1403,213WQRQ,2026-09-15
D1403,213WQSG,2026-09-15
D1403,213WQSH,2026-10-01
D1403,213WQTP,2026-09-15
D1403,213WQVR,2026-09-15
D1403,213WQYC,2026-10-01
D1403,213WQYL,2026-09-15
D1403,213WRCY,2026-09-22
D1403,213WRDR,2026-09-15
D1403,213WRFP,2026-09-15
D1403,213WRGD,2026-09-15
D1403,213WRHB,2026-10-01
D1403,213WRJL,2026-10-01
D1403,213WRLM,2026-10-01
D1403,213WXDP,2026-10-01
D1403,213WXGX,2026-10-01
D1403,213WXNJ,2026-10-01
D1403,213XHGD,2026-09-16
D1403,213XPVJ,2026-09-28
D1403,213XRHX,2026-10-01
D1403,213XXPB,2026-09-28
D1403,213XXQR,2026-09-16
D1403,213XZPB,2026-10-01
D1403,213XZSS,2026-10-01
D1403,213XZVG,2026-10-01
D1403,213XZWP,2026-10-01
D1403,213XZXM,2026-10-01
D1403,213YGGC,2026-10-02
D1403,213YGWT,2026-10-02
D1403,213YHBN,2026-09-21
D1403,213YJBF,2026-10-02
D1403,213YPZL,2026-10-02
D1403,213YWPK,2026-10-02
D1403,213ZDXX,2026-09-17
D1403,213ZDYL,2026-10-03
D1403,213ZDYZ,2026-09-17
D1403,213ZDZX,2026-09-17
D1403,213ZFQC,2026-10-03
D1403,213ZJHZ,2026-09-17
D1403,213ZJWX,2026-09-17
D1403,213ZJXG,2026-09-17
D1403,213ZVJK,2026-09-30
D1403,214BFJN,2026-09-17
D1403,214BKXH,2026-09-21
D1403,214BTHV,2026-09-18
D1403,214BTLV,2026-09-18
D1403,214BTMP,2026-09-28
D1403,214BTQK,2026-09-18
D1403,214BTQV,2026-09-18
D1403,214BWHR,2026-09-21
D1403,214BYMG,2026-09-18
D1403,214CFXS,2026-09-25
D1403,214CGJB,2026-10-04
D1403,214CKHT,2026-09-22
D1403,214CLFB,2026-10-04
D1403,214CLHQ,2026-09-21
D1403,214CLSK,2026-09-25
D1403,214CPBW,2026-10-04
D1403,214CVMQ,2026-09-21
D1403,214CZMY,2026-09-21
D1403,214DBXV,2026-09-21
D1403,214DJCD,2026-09-21
D1403,214DLYC,2026-09-21
D1403,214DMTS,2026-09-22
D1403,214DMXQ,2026-09-21
D1403,214DNLT,2026-09-21
D1403,214DNNB,2026-09-21
D1403,214DPRV,2026-09-21
D1403,214DQVM,2026-09-21
D1403,214DTBX,2026-09-22
D1403,214FCZR,2026-09-22
D1403,214FLBF,2026-09-22
D1403,214FMWR,2026-09-22
D1403,214FMZC,2026-09-22
D1403,214FPFG,2026-09-22
D1403,214FPGP,2026-09-22
D1403,214FPJN,2026-09-22
D1403,214FTMM,2026-09-22
D1403,214GBNZ,2026-09-22
D1403,214GBPX,2026-09-24
D1403,214GJDG,2026-09-23
D1403,214GMQH,2026-10-01
D1403,214GMRC,2026-10-01
D1403,214GQPN,2026-09-25
D1403,214GZBB,2026-09-23
D1403,214GZNY,2026-09-30
D1403,214HDGW,2026-09-23
D1403,214HGZK,2026-09-23
D1403,214HHKW,2026-09-23
D1403,214HHWM,2026-09-25
D1403,214HKVC,2026-09-23
D1403,214HNGH,2026-09-30
D1403,214HPHD,2026-09-23
D1403,214HRTN,2026-09-25
D1403,214HRVC,2026-09-25
D1403,214HRVL,2026-09-25
D1403,214HRWR,2026-09-25
D1403,214HVDG,2026-09-24
D1403,214HVDK,2026-10-02
D1403,214JCWB,2026-09-25
D1403,214JHGB,2026-09-24
D1403,214JKNC,2026-09-29
D1403,214JLKY,2026-09-24
D1403,214JLSP,2026-09-29
D1403,214JPHV,2026-09-29
D1403,214JWCK,2026-09-28
D1403,214JXQT,2026-09-25
D1403,214JZKJ,2026-09-28
D1403,214KHMB,2026-09-25
D1403,214KJVC,2026-10-02
D1403,214KJXV,2026-10-02
D1403,214KKCJ,2026-10-02
D1403,214KKGH,2026-10-02
D1403,214KMVQ,2026-09-25
D1403,214KNQN,2026-09-25
D1403,214KPKC,2026-09-25
D1403,214KVXS,2026-09-30
D1403,214KWVM,2026-09-25
D1403,214LBDP,2026-09-29
D1403,214LBTX,2026-10-01
D1403,214LKXL,2026-09-26
D1403,214LMHM,2026-09-28
D1403,214LNWW,2026-09-28
D1403,214LRMT,2026-09-28
D1403,214LTPC,2026-10-03
D1403,214LVBQ,2026-09-28
D1403,214LVDW,2026-09-28
D1403,214LWDK,2026-09-29
D1403,214MBXL,2026-09-28
D1403,214MCKS,2026-09-28
D1403,214MCPV,2026-09-28
D1403,214MCQL,2026-09-28
D1403,214MCQW,2026-09-28
D1403,214MCRK,2026-09-28
D1403,214MCSM,2026-09-28
D1403,214MCTF,2026-09-28
D1403,214MCTP,2026-09-28
D1403,214MCVL,2026-09-28
D1403,214MCVS,2026-09-28
D1403,214MCWL,2026-09-28
D1403,214MCWY,2026-09-28
D1403,214MCXM,2026-09-28
D1403,214MCXV,2026-09-28
D1403,214MCXX,2026-09-28
D1403,214MCYX,2026-09-28
D1403,214MCZL,2026-09-28
D1403,214MKLC,2026-09-30
D1403,214MLRW,2026-09-28
D1403,214MLVJ,2026-09-30
D1403,214MLXM,2026-09-28
D1403,214MPDG,2026-09-29
D1403,214MPGC,2026-09-28
D1403,214MQPK,2026-10-01
D1403,214MQXF,2026-09-28
D1403,214MRNK,2026-09-28
D1403,214MSKC,2026-09-28
D1403,214MVGP,2026-09-28
D1403,214MXYT,2026-10-01
D1403,214NFVC,2026-10-01
D1403,214NFWZ,2026-09-29
D1403,214NKLD,2026-09-29
D1403,214NNKT,2026-09-29
D1403,214NQPR,2026-09-29
D1403,214NQRD,2026-09-30
D1403,214NRHN,2026-09-29
D1403,214NTXR,2026-09-29
D1403,214NXHT,2026-09-29
D1403,214NXHW,2026-10-02
D1403,214PBHJ,2026-09-30
D1403,214PBRM,2026-09-30
D1403,214PJCQ,2026-09-30
D1403,214PJWV,2026-09-30
D1403,214PLYQ,2026-09-30
D1403,214PMSD,2026-10-04
D1403,214PMZM,2026-09-30
D1403,214PNHN,2026-09-30
D1403,214PNLB,2026-09-30
D1403,214PPFQ,2026-09-30
D1403,214PSQH,2026-09-30
D1403,214PSXS,2026-09-30
D1403,214PSYP,2026-09-30
D1403,214PTNW,2026-09-30
D1403,214PVMT,2026-09-30
D1403,214PXQK,2026-09-30
D1403,214QLNL,2026-10-01
D1403,214QNHJ,2026-10-02
D1403,214QNXC,2026-10-01
D1403,214QPVC,2026-10-01
D1403,214QRFZ,2026-10-01
D1403,214QRXT,2026-10-01
D1403,214QWQY,2026-10-02
D1403,214QXMK,2026-10-01
D1403,214QYHL,2026-10-01
D1403,214RHPG,2026-10-01
D1403,214RJPY,2026-10-01
D1403,214RMXS,2026-10-02
D1403,214RSGR,2026-10-02
D1403,214RSGX,2026-10-03
D1403,214RVBB,2026-10-02
D1403,214RWDW,2026-10-02
D1403,214RXTF,2026-10-02
D1403,214SCSC,2026-10-02
D1403,214SDGV,2026-10-02
D1403,214SDHT,2026-10-02
D1403,214SDXD,2026-10-02
D1403,214SDXZ,2026-10-02
D1403,214SDZW,2026-10-02
D1403,214SFCN,2026-10-02
D1403,214SFDR,2026-10-02
D1403,214SFFT,2026-10-02
D1403,214SFGS,2026-10-02
D1403,214SFHJ,2026-10-02
D1403,214SFKJ,2026-10-02
D1403,214SFLQ,2026-10-02
D1403,214SFMM,2026-10-02
D1403,214SFNH,2026-10-02
D1403,214SFNR,2026-10-02
D1403,214SFQJ,2026-10-02
D1403,214SFSC,2026-10-02
D1403,214SFVD,2026-10-02
D1403,214SFWK,2026-10-02
D1403,214SFWP,2026-10-02
D1403,214SFXH,2026-10-02
D1403,214SFXS,2026-10-02
D1403,214SFYG,2026-10-02
D1403,214SFYL,2026-10-02
D1403,214SFYV,2026-10-02
D1403,214SHNR,2026-10-02
D1403,214SJTW,2026-10-02
D1403,214SXDV,2026-10-02
D1403,6969343,2026-09-18
D1403,6986407,2026-09-18
D1403,6986440,2026-09-18
D1403,6986616,2026-09-18
D1403,6986639,2026-09-18
D1403,6986660,2026-09-18
D1403,6986733,2026-09-18
D1403,6986745,2026-09-18
D1403,6988189,2026-09-18
D1403,6995435,2026-09-18
D1403,6995689,2026-09-18
D1403,6998499,2026-09-18
D1403,7006801,2026-09-18
D1403,7006830,2026-09-18
D1403,7007078,2026-10-04
D1403,7007082,2026-10-04
D1403,7007083,2026-10-04
D1403,7007086,2026-10-04
D1403,7007092,2026-10-04
D1403,7007099,2026-10-04
D1403,7007108,2026-10-04
D1403,7010632,2026-09-19
D1403,7012694,2026-10-01
D1403,7014674,2026-09-19
D1403,7032565,2026-09-19
D1403,7034468,2026-09-19
D1403,7035364,2026-10-04
D1403,7035366,2026-10-04
D1403,7035367,2026-10-04
D1403,7035369,2026-10-04
D1403,7035379,2026-10-04
D1403,7035386,2026-10-04
D1403,7035387,2026-10-04
D1403,7035390,2026-10-04
D1403,7035391,2026-10-04
D1403,7035396,2026-10-04
D1403,7043832,2026-09-21
D1403,7043833,2026-09-21
D1403,7044692,2026-10-04
D1403,7052911,2026-09-22
D1403,7053106,2026-09-22
D1403,7053107,2026-09-22
D1403,7053195,2026-09-22
D1403,7053203,2026-09-21
D1403,7053246,2026-09-22
D1403,7053263,2026-09-21
D1403,7053271,2026-09-22
D1403,7053276,2026-09-21
D1403,7053281,2026-09-21
D1403,7053302,2026-09-22
D1403,7053345,2026-09-21
D1403,7053347,2026-09-22
D1403,7053350,2026-09-21
D1403,7053353,2026-09-22
D1403,7053355,2026-09-22
D1403,7053363,2026-09-22
D1403,7053383,2026-09-21
D1403,7053384,2026-09-21
D1403,7053429,2026-09-21
D1403,7053433,2026-09-21
D1403,7053443,2026-09-21
D1403,7053445,2026-09-22
D1403,7053450,2026-09-21
D1403,7053453,2026-09-21
D1403,7053461,2026-09-22
D1403,7053463,2026-09-22
D1403,7053466,2026-09-22
D1403,7053468,2026-09-21
D1403,7053474,2026-09-21
D1403,7053478,2026-09-21
D1403,7053480,2026-09-21
D1403,7053497,2026-09-21
D1403,7053506,2026-09-22
D1403,7053554,2026-09-21
D1403,7053557,2026-09-21
D1403,7053595,2026-09-22
D1403,7053602,2026-09-22
D1403,7053608,2026-09-22
D1403,7053619,2026-09-22
D1403,7053641,2026-09-21
D1403,7053676,2026-09-22
D1403,7053697,2026-09-22
D1403,7053708,2026-09-21
D1403,7053709,2026-09-22
D1403,7053712,2026-09-22
D1403,7053714,2026-09-22
D1403,7053716,2026-09-21
D1403,7053727,2026-09-21
D1403,7053731,2026-09-22
D1403,7053743,2026-09-22
D1403,7053750,2026-09-21
D1403,7053759,2026-09-21
D1403,7053771,2026-09-22
D1403,7053807,2026-09-22
D1403,7053809,2026-09-21
D1403,7057558,2026-09-21
D1403,7057616,2026-09-21
D1403,7058358,2026-09-21
D1403,7067066,2026-10-04
D1403,7067067,2026-10-04
D1403,7067068,2026-10-04
D1403,7067087,2026-10-04
D1403,7067943,2026-09-22
D1403,7093558,2026-09-23
D1403,7093560,2026-09-23
D1403,7093562,2026-09-23
D1403,7093564,2026-09-23
D1403,7093565,2026-09-23
D1403,7093588,2026-09-23
D1403,7093589,2026-09-23
D1403,7093593,2026-09-23
D1403,7093600,2026-09-23
D1403,7093668,2026-09-22
D1403,7093774,2026-09-22
D1403,7094099,2026-09-22
D1403,7094103,2026-09-22
D1403,7094105,2026-09-22
D1403,7094110,2026-09-22
D1403,7094562,2026-09-22
D1403,7095240,2026-09-22
D1403,7099320,2026-09-22
D1403,7103328,2026-10-04
D1403,7103341,2026-10-04
D1403,7103343,2026-10-04
D1403,7103346,2026-10-04
D1403,7103348,2026-10-04
D1403,7103369,2026-10-04
D1403,7103379,2026-10-04
D1403,7103384,2026-10-04
D1403,7103386,2026-10-04
D1403,7104510,2026-09-23
D1403,7104776,2026-09-23
D1403,7105183,2026-09-23
D1403,7114600,2026-09-23
D1403,7132196,2026-09-24
D1403,7132283,2026-09-23
D1403,7132301,2026-09-24
D1403,7132327,2026-09-23
D1403,7132335,2026-09-23
D1403,7132336,2026-09-23
D1403,7132360,2026-09-23
D1403,7132375,2026-09-23
D1403,7132394,2026-09-23
D1403,7137107,2026-09-23
D1403,7137806,2026-09-23
D1403,7137813,2026-09-23
D1403,7137919,2026-09-23
D1403,7138058,2026-09-23
D1403,7138100,2026-09-23
D1403,7138182,2026-09-23
D1403,7148987,2026-09-23
D1403,7149353,2026-09-23
D1403,7151410,2026-09-23
D1403,7151411,2026-09-23
D1403,7151412,2026-09-23
D1403,7151413,2026-09-23
D1403,7151462,2026-10-04
D1403,7152185,2026-09-24
D1403,7154590,2026-09-24
D1403,7160393,2026-09-24
D1403,7162187,2026-09-24
D1403,7162864,2026-09-24
D1403,7162891,2026-09-24
D1403,7163036,2026-09-24
D1403,7163040,2026-09-24
D1403,7163111,2026-09-24
D1403,7168902,2026-09-24
D1403,7345653,2026-10-04
D1403,7345655,2026-10-04
D1403,7345694,2026-10-04
D1403,7345713,2026-10-04
D1403,7345721,2026-10-04
D1403,7345722,2026-10-04
D1403,7345730,2026-10-04
D1403,7345733,2026-10-04
D1403,7345734,2026-10-04
D1403,7345754,2026-10-04
D1403,7345771,2026-10-04
D1403,7345781,2026-10-04
D1403,7345818,2026-10-04
D1403,7346451,2026-09-24
D1403,7346756,2026-09-25
D1403,7347367,2026-09-25
D1403,7379995,2026-10-01
D1403,7381158,2026-09-25
D1403,7381283,2026-09-25
D1403,7385222,2026-09-25
D1403,7385233,2026-09-25
D1403,7393769,2026-09-25
D1403,7394813,2026-09-25
D1403,7397792,2026-09-25
D1403,7398167,2026-10-04
D1403,7398556,2026-10-04
D1403,7398585,2026-10-04
D1403,7399979,2026-10-04
D1403,7400000,2026-10-04
D1403,7400413,2026-09-25
D1403,7400803,2026-09-26
D1403,7400879,2026-09-26
D1403,7401977,2026-09-26
D1403,7403176,2026-09-26
D1403,7403189,2026-09-26
D1403,7407048,2026-09-26
D1403,7407051,2026-09-26
D1403,7407055,2026-09-26
D1403,7407059,2026-09-26
D1403,7410051,2026-10-04
D1403,7422235,2026-09-28
D1403,7422408,2026-09-26
D1403,7422411,2026-09-26
D1403,7424306,2026-09-26
D1403,7425848,2026-09-26
D1403,7425865,2026-09-26
D1403,7425870,2026-09-26
D1403,7425872,2026-09-26
D1403,7425885,2026-09-26
D1403,7425906,2026-09-26
D1403,7425933,2026-09-26
D1403,7425946,2026-09-26
D1403,7429318,2026-09-26
D1403,7429554,2026-09-26
D1403,7431348,2026-10-04
D1403,7431353,2026-10-04
D1403,7449526,2026-09-27
D1403,7449529,2026-09-27
D1403,7449545,2026-09-27
D1403,7451937,2026-10-04
D1403,7451959,2026-09-27
D1403,7453204,2026-09-28
D1403,7453449,2026-09-28
D1403,7453453,2026-09-28
D1403,7453455,2026-09-28
D1403,7453459,2026-09-28
D1403,7453462,2026-09-28
D1403,7453894,2026-09-28
D1403,7462579,2026-09-28
D1403,7462881,2026-09-28
D1403,7463024,2026-09-28
D1403,7463124,2026-09-28
D1403,7463226,2026-09-28
D1403,7463462,2026-09-28
D1403,7463523,2026-09-28
D1403,7463853,2026-09-28
D1403,7463929,2026-09-28
D1403,7463967,2026-09-28
D1403,7464068,2026-09-29
D1403,7464137,2026-09-28
D1403,7464198,2026-09-28
D1403,7464454,2026-09-28
D1403,7464459,2026-09-28
D1403,7464469,2026-09-28
D1403,7464479,2026-09-28
D1403,7464704,2026-09-29
D1403,7464705,2026-09-28
D1403,7464714,2026-09-29
D1403,7464729,2026-09-28
D1403,7464730,2026-09-29
D1403,7464734,2026-09-29
D1403,7464745,2026-09-29
D1403,7464776,2026-09-29
D1403,7464830,2026-09-29
D1403,7464919,2026-09-29
D1403,7464932,2026-09-29
D1403,7464942,2026-09-29
D1403,7464950,2026-09-29
D1403,7464956,2026-09-29
D1403,7464986,2026-09-29
D1403,7465011,2026-09-29
D1403,7465017,2026-09-29
D1403,7465026,2026-09-29
D1403,7465045,2026-09-29
D1403,7465058,2026-09-29
D1403,7465065,2026-09-29
D1403,7465078,2026-09-29
D1403,7465085,2026-09-29
D1403,7465086,2026-09-29
D1403,7465095,2026-09-29
D1403,7465096,2026-09-29
D1403,7465101,2026-09-29
D1403,7465312,2026-09-28
D1403,7465408,2026-09-29
D1403,7471606,2026-10-04
D1403,7471615,2026-10-04
D1403,7471616,2026-10-04
D1403,7471622,2026-10-04
D1403,7471632,2026-10-04
D1403,7471804,2026-09-28
D1403,7472623,2026-09-29
D1403,7474568,2026-09-29
D1403,7477256,2026-09-29
D1403,7477257,2026-09-29
D1403,7477321,2026-10-01
D1403,7477482,2026-09-29
D1403,7477522,2026-09-29
D1403,7490106,2026-09-29
D1403,7490196,2026-09-30
D1403,7490443,2026-09-29
D1403,7490504,2026-09-29
D1403,7490545,2026-09-29
D1403,7492148,2026-09-29
D1403,7493052,2026-09-29
D1403,7494868,2026-10-04
D1403,7494869,2026-10-04
D1403,7495371,2026-09-29
D1403,7495494,2026-10-04
D1403,7495496,2026-10-04
D1403,7495497,2026-10-04
D1403,7495498,2026-10-04
D1403,7495499,2026-10-04
D1403,7495502,2026-10-04
D1403,7495503,2026-10-04
D1403,7495523,2026-10-04
D1403,7495524,2026-10-04
D1403,7495526,2026-10-04
D1403,7495537,2026-10-04
D1403,7495540,2026-10-04
D1403,7496290,2026-09-30
D1403,7497444,2026-09-30
D1403,7497514,2026-09-30
D1403,7497528,2026-09-30
D1403,7514861,2026-09-30
D1403,7515039,2026-09-30
D1403,7515040,2026-09-30
D1403,7515045,2026-09-30
D1403,7515125,2026-09-30
D1403,7515165,2026-09-30
D1403,7517453,2026-09-30
D1403,7520582,2026-09-30
D1403,7530207,2026-09-30
D1403,7530244,2026-09-30
D1403,7530264,2026-09-30
D1403,7531413,2026-09-30
D1403,7531822,2026-09-30
D1403,7532118,2026-09-30
D1403,7532206,2026-09-30
D1403,7533836,2026-10-04
D1403,7533874,2026-10-04
D1403,7534424,2026-09-30
D1403,7534431,2026-09-30
D1403,7534435,2026-09-30
D1403,7534453,2026-09-30
D1403,7534455,2026-09-30
D1403,7534464,2026-09-30
D1403,7534465,2026-09-30
D1403,7534466,2026-09-30
D1403,7534470,2026-09-30
D1403,7534472,2026-09-30
D1403,7534473,2026-09-30
D1403,7534509,2026-09-30
D1403,7534515,2026-09-30
D1403,7534536,2026-10-04
D1403,7534539,2026-10-04
D1403,7534552,2026-09-30
D1403,7534586,2026-09-30
D1403,7534590,2026-09-30
D1403,7534595,2026-09-30
D1403,7534600,2026-09-30
D1403,7534602,2026-10-04
D1403,7534606,2026-10-04
D1403,7534611,2026-10-04
D1403,7534613,2026-10-04
D1403,7534619,2026-10-04
D1403,7534752,2026-09-30
D1403,7534800,2026-09-30
D1403,7534823,2026-09-30
D1403,7534837,2026-09-30
D1403,7535301,2026-10-01
D1403,7536297,2026-10-01
D1403,7536816,2026-10-01
D1403,7539766,2026-10-01
D1403,7539909,2026-10-01
D1403,7553021,2026-10-01
D1403,7553212,2026-10-01
D1403,7553251,2026-10-01
D1403,7553601,2026-10-01
D1403,7553604,2026-10-01
D1403,7553607,2026-10-01
D1403,7553608,2026-10-01
D1403,7553612,2026-10-01
D1403,7553616,2026-10-01
D1403,7553618,2026-10-01
D1403,7553619,2026-10-01
D1403,7553623,2026-10-01
D1403,7553627,2026-10-01
D1403,7553628,2026-10-01
D1403,7553634,2026-10-01
D1403,7553636,2026-10-01
D1403,7553637,2026-10-01
D1403,7553639,2026-10-01
D1403,7553640,2026-10-01
D1403,7553643,2026-10-01
D1403,7553645,2026-10-01
D1403,7553646,2026-10-01
D1403,7553648,2026-10-01
D1403,7553652,2026-10-01
D1403,7553655,2026-10-01
D1403,7553667,2026-10-01
D1403,7553669,2026-10-01
D1403,7553670,2026-10-01
D1403,7553689,2026-10-01
D1403,7553706,2026-10-01
D1403,7553713,2026-10-01
D1403,7553732,2026-10-01
D1403,7553734,2026-10-01
D1403,7553754,2026-10-01
D1403,7553757,2026-10-02
D1403,7553779,2026-10-02
D1403,7553786,2026-10-01
D1403,7553821,2026-10-01
D1403,7553826,2026-10-01
D1403,7553828,2026-10-01
D1403,7553833,2026-10-01
D1403,7553842,2026-10-01
D1403,7553847,2026-10-01
D1403,7553852,2026-10-01
D1403,7553854,2026-10-01
D1403,7553864,2026-10-01
D1403,7553868,2026-10-01
D1403,7553879,2026-10-01
D1403,7553881,2026-10-01
D1403,7553882,2026-10-01
D1403,7553884,2026-10-01
D1403,7553887,2026-10-01
D1403,7553889,2026-10-01
D1403,7553898,2026-10-01
D1403,7553900,2026-10-01
D1403,7553902,2026-10-01
D1403,7553904,2026-10-01
D1403,7553908,2026-10-01
D1403,7553909,2026-10-01
D1403,7553910,2026-10-01
D1403,7553911,2026-10-01
D1403,7553912,2026-10-01
D1403,7553914,2026-10-01
D1403,7553934,2026-10-01
D1403,7553949,2026-10-01
D1403,7553961,2026-10-01
D1403,7554054,2026-10-01
D1403,7554056,2026-10-01
D1403,7554089,2026-10-01
D1403,7554118,2026-10-01
D1403,7554263,2026-10-01
D1403,7554343,2026-10-01
D1403,7554374,2026-10-01
D1403,7557010,2026-10-01
D1403,7560955,2026-10-01
D1403,7564727,2026-10-04
D1403,7565207,2026-10-01
D1403,7565218,2026-10-01
D1403,7565259,2026-10-04
D1403,7565260,2026-10-04
D1403,7565262,2026-10-04
D1403,7565266,2026-10-04
D1403,7565271,2026-10-04
D1403,7565489,2026-10-01
D1403,7565603,2026-10-01
D1403,7565671,2026-10-01
D1403,7565827,2026-10-01
D1403,7566036,2026-10-01
D1403,7566139,2026-10-01
D1403,7566193,2026-10-01
D1403,7566246,2026-10-01
D1403,7566430,2026-10-01
D1403,7566473,2026-10-01
D1403,7566491,2026-10-01
D1403,7566499,2026-10-01
D1403,7566665,2026-10-01
D1403,7566862,2026-10-01
D1403,7567025,2026-10-01
D1403,7567231,2026-10-01
D1403,7567374,2026-10-02
D1403,7567397,2026-10-02
D1403,7567431,2026-10-02
D1403,7567434,2026-10-02
D1403,7567589,2026-10-02
D1403,7570536,2026-10-02
D1403,7570593,2026-10-02
D1403,7571101,2026-10-02
D1403,7571921,2026-10-02
D1403,7572222,2026-10-03
D1403,7573793,2026-10-02
D1403,7586886,2026-10-02
D1403,7586908,2026-10-02
D1403,7587040,2026-10-02
D1403,7587114,2026-10-03
D1403,7587962,2026-10-02
D1403,7588131,2026-10-02
D1403,7589785,2026-10-02
D1403,7595478,2026-10-02
D1403,7598625,2026-10-04
D1403,7599302,2026-10-02
D1403,7599350,2026-10-04
D1403,7599353,2026-10-04
D1403,7599366,2026-10-04
D1403,7599374,2026-10-04
D1403,7599378,2026-10-04
D1403,7599935,2026-10-02
D1403,7599936,2026-10-02
D1403,7600078,2026-10-02
D1403,7600139,2026-10-02
D1403,7600298,2026-10-02
D1403,7600408,2026-10-02
D1403,7600431,2026-10-02
D1403,7600444,2026-10-02
D1403,7600993,2026-10-03
D1403,7601022,2026-10-03
D1403,7601183,2026-10-03
D1403,7601210,2026-10-03
D1403,7603166,2026-10-03
D1403,7603572,2026-10-03
D1403,7603682,2026-10-03
D1403,7603710,2026-10-03
D1403,7603759,2026-10-03
D1403,7603822,2026-10-03
D1403,7603889,2026-10-03
D1403,7623091,2026-10-03
D1403,7624879,2026-10-03
D1403,7624941,2026-10-03
D1403,7624977,2026-10-03
D1403,7626297,2026-10-03
D1403,7626548,2026-10-03
D1403,7626708,2026-10-03
D1403,7632629,2026-10-03
D1403,7633468,2026-10-03
D1403,7633946,2026-10-03
D1403,7635523,2026-10-03
D1403,7635526,2026-10-04
D1403,7635528,2026-10-04
D1403,7635534,2026-10-04
D1403,7635535,2026-10-04
D1403,7635856,2026-10-03
D1403,7635901,2026-10-03
D1403,7639456,2026-10-04
D1403,7656242,2026-10-04
D1403,7656501,2026-10-04
D1403,7656836,2026-10-04
D1403,7656842,2026-10-04
D1403,7656845,2026-10-04
D1403,7656969,2026-10-04
D1403,7657003,2026-10-04
D1403,7657073,2026-10-04
D1403,7657099,2026-10-04
D1404,206PZTK,2026-10-02
D1404,208CVKS,2026-10-02
D1404,208RQTD,2026-09-18
D1404,209HBWK,2026-09-28
D1404,209VJPS,2026-10-02
D1404,209WXNQ,2026-09-10
D1404,210RNKD,2026-07-17
D1404,210VXNW,2026-09-30
D1404,211LDQK,2026-10-01
D1404,211MWCY,2026-10-01
D1404,211MWQR,2026-10-01
D1404,211XBVS,2026-09-25
D1404,211XLSD,2026-09-29
D1404,211XPLD,2026-10-02
D1404,211YCCG,2026-09-10
D1404,211YFKK,2026-09-21
D1404,211ZJTF,2026-10-02
D1404,212CYPJ,2026-09-23
D1404,212CZVN,2026-09-09
D1404,212PHBY,2026-09-21
D1404,212PKGQ,2026-09-30
D1404,212RCKW,2026-10-01
D1404,212RLWH,2026-09-18
D1404,212SSHK,2026-09-25
D1404,212TSSR,2026-10-02
D1404,212TTLW,2026-09-21
D1404,212TYKS,2026-10-04
D1404,212XZBJ,2026-10-01
D1404,212XZDY,2026-10-01
D1404,212YQFG,2026-09-25
D1404,212YQNN,2026-09-23
D1404,212ZTYJ,2026-09-28
D1404,212ZVYR,2026-09-25
D1404,213CXMX,2026-09-29
D1404,213FDCL,2026-10-02
D1404,213GBLS,2026-09-28
D1404,213GBNB,2026-09-22
D1404,213HCDV,2026-10-01
D1404,213HMGM,2026-10-01
D1404,213JQYV,2026-10-02
D1404,213LNZL,2026-09-30
D1404,213MSYP,2026-09-07
D1404,213MTPV,2026-09-28
D1404,213NFKW,2026-09-24
D1404,213NFLG,2026-09-24
D1404,213NQJG,2026-10-02
D1404,213NWYJ,2026-09-08
D1404,213NXMT,2026-10-02
D1404,213PJGW,2026-09-24
D1404,213QXXK,2026-09-25
D1404,213QXZN,2026-09-25
D1404,213RDHD,2026-09-10
D1404,213RDWF,2026-09-26
D1404,213RNCN,2026-09-10
D1404,213RNGG,2026-09-26
D1404,213RNJK,2026-09-14
D1404,213RNVS,2026-09-26
D1404,213RPGM,2026-09-10
D1404,213RPMP,2026-09-26
D1404,213RXFV,2026-09-26
D1404,213SDXY,2026-09-26
D1404,213SFDV,2026-09-27
D1404,213THNJ,2026-09-22
D1404,213TMSV,2026-10-02
D1404,213TVBZ,2026-09-18
D1404,213VYRK,2026-09-30
D1404,213WPZR,2026-09-15
D1404,213WVLH,2026-10-01
D1404,213WVNV,2026-10-01
D1404,213WVPP,2026-10-01
D1404,213WWPT,2026-09-15
D1404,213XBYK,2026-10-01
D1404,213XNWZ,2026-10-01
D1404,213XYMQ,2026-09-29
D1404,213YDGR,2026-09-24
D1404,213YDSQ,2026-09-16
D1404,213YDVG,2026-09-16
D1404,213YGWW,2026-10-02
D1404,213YMSG,2026-10-02
D1404,213YQDP,2026-09-16
D1404,213YRGL,2026-10-02
D1404,213YVYJ,2026-10-02
D1404,213ZNBQ,2026-09-17
D1404,213ZZWQ,2026-10-03
D1404,214BGLY,2026-10-03
D1404,214BHVB,2026-10-03
D1404,214BJCC,2026-10-02
D1404,214CBTB,2026-10-04
D1404,214CDLF,2026-09-18
D1404,214CFTT,2026-10-04
D1404,214CGFZ,2026-10-04
D1404,214CMLT,2026-10-04
D1404,214DLCG,2026-09-30
D1404,214DSJJ,2026-09-21
D1404,214DVQQ,2026-09-21
D1404,214DVRB,2026-10-01
D1404,214DVWG,2026-09-21
D1404,214DWBH,2026-10-02
D1404,214DWVQ,2026-09-22
D1404,214DWWJ,2026-10-04
D1404,214FCQQ,2026-09-23
D1404,214FRWX,2026-09-25
D1404,214FVSZ,2026-09-22
D1404,214FYFJ,2026-09-24
D1404,214FZKW,2026-10-02
D1404,214FZQB,2026-09-24
D1404,214FZRP,2026-09-23
D1404,214FZRS,2026-09-27
D1404,214GBVJ,2026-09-24
D1404,214GGHN,2026-09-23
D1404,214GGJP,2026-09-23
D1404,214GKSZ,2026-09-25
D1404,214GLWK,2026-09-23
D1404,214GMCY,2026-09-23
D1404,214HCGL,2026-09-23
D1404,214HSMC,2026-09-25
D1404,214HZRX,2026-10-02
D1404,214JBYB,2026-09-24
D1404,214JBZM,2026-09-24
D1404,214JDMY,2026-09-28
D1404,214JFFS,2026-09-24
D1404,214JFZT,2026-09-24
D1404,214JKQZ,2026-09-24
D1404,214JQBX,2026-09-25
D1404,214JQDX,2026-09-25
D1404,214JZXZ,2026-09-25
D1404,214KCWG,2026-09-25
D1404,214KMHX,2026-09-25
D1404,214KPCS,2026-09-25
D1404,214KRZW,2026-09-25
D1404,214KTKT,2026-09-28
D1404,214KYRK,2026-10-02
D1404,214LFLD,2026-09-28
D1404,214LJPV,2026-09-28
D1404,214LJWQ,2026-10-03
D1404,214LVWB,2026-09-28
D1404,214LXFX,2026-09-28
D1404,214MHJT,2026-09-28
D1404,214MLPG,2026-09-29
D1404,214MMKS,2026-09-28
D1404,214MPCB,2026-09-28
D1404,214MRSV,2026-09-28
D1404,214MWFH,2026-09-29
D1404,214NGVX,2026-09-29
D1404,214NQLK,2026-09-29
D1404,214NSSY,2026-09-30
D1404,214NSVF,2026-10-01
D1404,214NZJF,2026-09-30
D1404,214PDYR,2026-09-30
D1404,214PGNJ,2026-09-30
D1404,214PZKF,2026-10-04
D1404,214QBPK,2026-09-30
D1404,214QBTH,2026-10-01
D1404,214QBTJ,2026-09-30
D1404,214QBYJ,2026-09-30
D1404,214QGRF,2026-10-01
D1404,214QQWP,2026-10-02
D1404,214QRHR,2026-10-01
D1404,214QRJS,2026-10-01
D1404,214QRLL,2026-10-01
D1404,214QTVR,2026-10-02
D1404,214QVFL,2026-10-02
D1404,214QVFV,2026-10-02
D1404,214QWFQ,2026-10-02
D1404,214RBXX,2026-10-01
D1404,214RDZX,2026-10-02
D1404,214RGVN,2026-10-01
D1404,214RLJR,2026-10-02
D1404,214RLXP,2026-10-02
D1404,214RLZQ,2026-10-02
D1404,214RSVL,2026-10-02
D1404,214RXHW,2026-10-02
D1404,214RYFW,2026-10-02
D1404,214SDVM,2026-10-02
D1404,214SJYX,2026-10-02
D1404,214SNXV,2026-10-02
D1404,214SVPZ,2026-10-02
D1404,2297825,2026-07-22
D1404,2297860,2026-07-22
D1404,2298357,2026-07-22
D1404,2298473,2026-07-22
D1404,2298487,2026-07-22
D1404,2298923,2026-07-22
D1404,2539309,2026-09-22
D1404,2705411,2026-07-07
D1404,2944129,2026-08-21
D1404,2980159,2026-09-29
D1404,3146045,2026-07-22
D1404,3148792,2026-07-29
D1404,3148993,2026-07-08
D1404,3151592,2026-08-25
D1404,3160359,2026-07-14
D1404,3266941,2026-07-18
D1404,3266964,2026-07-20
D1404,3645119,2026-07-22
D1404,3760524,2026-09-23
D1404,3767179,2026-09-11
D1404,3836808,2026-09-15
D1404,3873127,2026-07-21
D1404,3874722,2026-07-21
D1404,3875323,2026-07-21
D1404,3876159,2026-07-21
D1404,3878844,2026-07-21
D1404,3879759,2026-07-21
D1404,3882320,2026-07-21
D1404,3883080,2026-07-21
D1404,3981792,2026-07-12
D1404,3982819,2026-09-02
D1404,4018573,2026-07-27
D1404,4106726,2026-08-25
D1404,4107259,2026-07-18
D1404,4151600,2026-07-27
D1404,4154375,2026-08-25
D1404,4161956,2026-07-22
D1404,4247503,2026-07-14
D1404,4277108,2026-08-25
D1404,4296081,2026-08-31
D1404,4316529,2026-09-21
D1404,4316914,2026-10-01
D1404,4318080,2026-07-31
D1404,4417467,2026-09-02
D1404,4456939,2026-09-03
D1404,4483821,2026-09-26
D1404,4575905,2026-08-22
D1404,4631330,2026-07-07
D1404,4669563,2026-07-27
D1404,4672576,2026-07-07
D1404,4704079,2026-09-02
D1404,4708745,2026-08-03
D1404,4718256,2026-09-21
D1404,4769885,2026-07-09
D1404,4790492,2026-07-14
D1404,4808805,2026-07-27
D1404,4871459,2026-07-22
D1404,4932982,2026-08-08
D1404,4954058,2026-07-21
D1404,5006851,2026-07-15
D1404,5033834,2026-09-29
D1404,5033843,2026-09-24
D1404,5049700,2026-07-22
D1404,5058416,2026-07-16
D1404,5059009,2026-07-16
D1404,5059033,2026-07-16
D1404,5069188,2026-08-31
D1404,5069190,2026-08-31
D1404,5081504,2026-07-21
D1404,5081569,2026-09-11
D1404,5081629,2026-07-22
D1404,5081769,2026-07-22
D1404,5100333,2026-07-27
D1404,5100334,2026-07-27
D1404,5114502,2026-08-25
D1404,5114718,2026-07-18
D1404,5131381,2026-07-21
D1404,5164403,2026-07-27
D1404,5170444,2026-07-20
D1404,5193263,2026-08-31
D1404,5218038,2026-07-21
D1404,5364723,2026-09-21
D1404,5364764,2026-09-08
D1404,5364793,2026-09-21
D1404,5364800,2026-09-08
D1404,5364898,2026-09-08
D1404,5365093,2026-09-26
D1404,5391766,2026-07-27
D1404,5392376,2026-07-23
D1404,5477609,2026-07-26
D1404,5479177,2026-07-27
D1404,5493749,2026-07-27
D1404,5504999,2026-07-28
D1404,5516771,2026-07-28
D1404,5524981,2026-08-31
D1404,5594098,2026-07-30
D1404,5600427,2026-07-31
D1404,5629243,2026-07-31
D1404,5629246,2026-07-31
D1404,5639061,2026-08-31
D1404,5671998,2026-09-29
D1404,5704776,2026-08-05
D1404,5718073,2026-08-31
D1404,5739788,2026-09-19
D1404,5801895,2026-09-11
D1404,5828587,2026-08-07
D1404,5856930,2026-08-14
D1404,5860059,2026-08-09
D1404,5879905,2026-08-31
D1404,5880263,2026-08-10
D1404,5905313,2026-08-11
D1404,5940154,2026-08-21
D1404,5959944,2026-08-22
D1404,5989353,2026-10-05
D1404,6000867,2026-08-14
D1404,6001011,2026-08-14
D1404,6001717,2026-09-16
D1404,6050319,2026-08-17
D1404,6078509,2026-08-18
D1404,6084794,2026-08-24
D1404,6084802,2026-08-24
D1404,6109453,2026-09-02
D1404,6155711,2026-09-11
D1404,6187314,2026-09-23
D1404,6235114,2026-08-24
D1404,6235732,2026-08-24
D1404,6266273,2026-08-25
D1404,6270413,2026-08-25
D1404,6276716,2026-08-25
D1404,6276841,2026-08-25
D1404,6277233,2026-08-25
D1404,6315682,2026-08-26
D1404,6321600,2026-09-25
D1404,6342871,2026-09-02
D1404,6352168,2026-09-08
D1404,6352608,2026-08-27
D1404,6352614,2026-08-27
D1404,6352980,2026-08-27
D1404,6393505,2026-08-28
D1404,6393825,2026-08-28
D1404,6395654,2026-10-03
D1404,6395773,2026-09-27
D1404,6433844,2026-09-29
D1404,6444773,2026-08-31
D1404,6444846,2026-08-31
D1404,6444877,2026-08-31
D1404,6444880,2026-08-31
D1404,6444914,2026-08-31
D1404,6444917,2026-08-31
D1404,6460249,2026-09-01
D1404,6460274,2026-09-01
D1404,6466317,2026-08-31
D1404,6466781,2026-09-02
D1404,6498819,2026-09-01
D1404,6499490,2026-09-01
D1404,6513689,2026-10-02
D1404,6523381,2026-09-02
D1404,6532713,2026-09-02
D1404,6532811,2026-09-04
D1404,6571057,2026-09-25
D1404,6589023,2026-09-03
D1404,6598561,2026-09-04
D1404,6626456,2026-09-04
D1404,6635888,2026-09-04
D1404,6636059,2026-09-04
D1404,6639848,2026-10-04
D1404,6692037,2026-09-30
D1404,6692038,2026-09-30
D1404,6692464,2026-09-08
D1404,6692560,2026-09-07
D1404,6692562,2026-09-07
D1404,6692570,2026-09-07
D1404,6692605,2026-09-07
D1404,6695060,2026-09-07
D1404,6696822,2026-09-08
D1404,6696856,2026-09-08
D1404,6696915,2026-09-07
D1404,6696918,2026-09-07
D1404,6697284,2026-09-07
D1404,6697419,2026-09-07
D1404,6697482,2026-09-07
D1404,6697525,2026-09-07
D1404,6697878,2026-09-07
D1404,6698023,2026-09-07
D1404,6698070,2026-09-07
D1404,6703108,2026-10-01
D1404,6703577,2026-10-01
D1404,6703966,2026-10-01
D1404,6711192,2026-09-08
D1404,6711196,2026-09-21
D1404,6730477,2026-09-08
D1404,6730571,2026-09-08
D1404,6734080,2026-09-08
D1404,6735326,2026-09-08
D1404,6735340,2026-09-08
D1404,6735741,2026-09-08
D1404,6735790,2026-09-08
D1404,6735856,2026-09-08
D1404,6736026,2026-09-08
D1404,6736194,2026-09-08
D1404,6739207,2026-10-02
D1404,6744066,2026-10-02
D1404,6746148,2026-10-02
D1404,6746795,2026-10-02
D1404,6749210,2026-09-09
D1404,6772982,2026-09-09
D1404,6775240,2026-09-09
D1404,6775536,2026-09-09
D1404,6775770,2026-09-09
D1404,6775799,2026-09-09
D1404,6779468,2026-10-03
D1404,6804923,2026-09-10
D1404,6805328,2026-10-04
D1404,6805391,2026-10-04
D1404,6807609,2026-09-11
D1404,6809010,2026-10-04
D1404,6826065,2026-09-11
D1404,6826225,2026-09-11
D1404,6830240,2026-09-11
D1404,6830710,2026-09-11
D1404,6832160,2026-09-26
D1404,6832190,2026-09-12
D1404,6846087,2026-09-12
D1404,6865396,2026-09-14
D1404,6865457,2026-09-14
D1404,6865461,2026-09-14
D1404,6865652,2026-09-14
D1404,6865653,2026-09-14
D1404,6865667,2026-09-14
D1404,6884578,2026-10-05
D1404,6885448,2026-10-05
D1404,6886208,2026-10-05
D1404,6888801,2026-09-15
D1404,6892877,2026-09-15
D1404,6899220,2026-09-15
D1404,6899850,2026-09-15
D1404,6899938,2026-09-15
D1404,6907566,2026-09-15
D1404,6907681,2026-09-15
D1404,6907856,2026-09-15
D1404,6909794,2026-09-16
D1404,6911187,2026-09-16
D1404,6927952,2026-09-17
D1404,6928603,2026-09-16
D1404,6929413,2026-09-16
D1404,6930084,2026-09-16
D1404,6932763,2026-09-16
D1404,6934312,2026-09-16
D1404,6934355,2026-09-16
D1404,6936095,2026-09-16
D1404,6936381,2026-09-16
D1404,6942847,2026-09-16
D1404,6944758,2026-09-17
D1404,6947566,2026-09-17
D1404,6947883,2026-09-24
D1404,6947962,2026-09-29
D1404,6947968,2026-09-17
D1404,6963984,2026-09-17
D1404,6966305,2026-09-17
D1404,6968595,2026-09-17
D1404,6968805,2026-09-17
D1404,6968843,2026-09-17
D1404,6991724,2026-09-18
D1404,6999167,2026-09-18
D1404,7005300,2026-09-18
D1404,7005316,2026-09-18
D1404,7006641,2026-09-18
D1404,7006650,2026-09-18
D1404,7006685,2026-09-18
D1404,7006700,2026-09-18
D1404,7006774,2026-09-18
D1404,7006956,2026-09-18
D1404,7011127,2026-09-19
D1404,7012350,2026-09-19
D1404,7015491,2026-10-01
D1404,7031048,2026-09-19
D1404,7042528,2026-10-03
D1404,7042530,2026-10-03
D1404,7042537,2026-10-03
D1404,7043659,2026-09-20
D1404,7052395,2026-10-03
D1404,7053005,2026-09-22
D1404,7053140,2026-09-21
D1404,7053259,2026-09-21
D1404,7053670,2026-09-21
D1404,7057647,2026-09-21
D1404,7057736,2026-09-21
D1404,7057737,2026-09-21
D1404,7057740,2026-09-21
D1404,7057743,2026-09-21
D1404,7057746,2026-09-21
D1404,7057748,2026-09-21
D1404,7057764,2026-09-21
D1404,7058616,2026-09-21
D1404,7066958,2026-09-21
D1404,7090316,2026-09-22
D1404,7094072,2026-09-22
D1404,7094604,2026-09-22
D1404,7099576,2026-09-22
D1404,7100438,2026-09-22
D1404,7100442,2026-09-22
D1404,7100444,2026-09-22
D1404,7100446,2026-09-22
D1404,7100448,2026-09-22
D1404,7100450,2026-09-22
D1404,7100451,2026-09-22
D1404,7100453,2026-09-22
D1404,7100456,2026-09-22
D1404,7100458,2026-09-22
D1404,7100498,2026-09-22
D1404,7100500,2026-09-22
D1404,7100501,2026-09-22
D1404,7100505,2026-09-22
D1404,7100506,2026-09-22
D1404,7100507,2026-09-22
D1404,7100508,2026-09-22
D1404,7100509,2026-09-22
D1404,7100510,2026-09-22
D1404,7100512,2026-09-22
D1404,7100513,2026-09-22
D1404,7100514,2026-09-22
D1404,7100516,2026-09-22
D1404,7100519,2026-09-22
D1404,7100521,2026-09-22
D1404,7100522,2026-09-22
D1404,7100524,2026-09-22
D1404,7100525,2026-09-22
D1404,7100528,2026-09-22
D1404,7100530,2026-09-22
D1404,7100531,2026-09-22
D1404,7100533,2026-09-22
D1404,7100535,2026-09-22
D1404,7100539,2026-09-22
D1404,7100540,2026-09-22
D1404,7100806,2026-09-22
D1404,7102031,2026-09-22
D1404,7103306,2026-09-22
D1404,7107864,2026-09-23
D1404,7108245,2026-09-23
D1404,7112050,2026-09-23
D1404,7112160,2026-09-25
D1404,7113111,2026-09-23
D1404,7113144,2026-09-23
D1404,7114596,2026-09-23
D1404,7114643,2026-09-23
D1404,7114732,2026-09-23
D1404,7114766,2026-09-23
D1404,7115692,2026-09-23
D1404,7135141,2026-09-23
D1404,7149477,2026-09-23
D1404,7149559,2026-09-23
D1404,7149596,2026-09-23
D1404,7149619,2026-09-23
D1404,7149818,2026-09-23
D1404,7150131,2026-09-23
D1404,7150148,2026-09-23
D1404,7150150,2026-09-23
D1404,7151142,2026-09-23
D1404,7152039,2026-09-23
D1404,7154096,2026-09-24
D1404,7154497,2026-09-24
D1404,7155117,2026-09-24
D1404,7155570,2026-09-24
D1404,7163686,2026-09-24
D1404,7164912,2026-09-24
D1404,7164920,2026-09-24
D1404,7164952,2026-09-24
D1404,7164960,2026-09-24
D1404,7164969,2026-09-24
D1404,7165006,2026-09-24
D1404,7165023,2026-09-24
D1404,7165066,2026-09-24
D1404,7166143,2026-09-24
D1404,7167714,2026-09-24
D1404,7168324,2026-09-24
D1404,7168360,2026-09-24
D1404,7168416,2026-09-24
D1404,7169089,2026-09-24
D1404,7169202,2026-09-24
D1404,7345437,2026-10-02
D1404,7347878,2026-09-26
D1404,7348023,2026-09-29
D1404,7348549,2026-09-25
D1404,7349989,2026-09-25
D1404,7349997,2026-09-25
D1404,7350014,2026-09-25
D1404,7350028,2026-09-25
D1404,7350221,2026-09-25
D1404,7350249,2026-09-25
D1404,7351889,2026-09-25
D1404,7352338,2026-09-25
D1404,7352353,2026-10-03
D1404,7352396,2026-09-25
D1404,7352840,2026-09-25
D1404,7386585,2026-09-25
D1404,7394522,2026-09-25
D1404,7398251,2026-10-04
D1404,7398459,2026-10-04
D1404,7398528,2026-10-04
D1404,7398627,2026-10-04
D1404,7399718,2026-09-25
D1404,7399755,2026-09-25
D1404,7399756,2026-09-25
D1404,7399900,2026-09-25
D1404,7402906,2026-09-26
D1404,7405771,2026-09-26
D1404,7421731,2026-10-03
D1404,7424003,2026-09-26
D1404,7426393,2026-09-26
D1404,7428602,2026-09-26
D1404,7429227,2026-09-26
D1404,7430660,2026-10-04
D1404,7430665,2026-10-04
D1404,7430991,2026-10-04
D1404,7431017,2026-10-04
D1404,7433545,2026-09-27
D1404,7435527,2026-09-27
D1404,7436012,2026-09-27
D1404,7436013,2026-09-27
D1404,7449096,2026-10-04
D1404,7453482,2026-09-28
D1404,7453820,2026-09-28
D1404,7464736,2026-09-28
D1404,7464954,2026-09-29
D1404,7464995,2026-09-29
D1404,7465056,2026-09-29
D1404,7465114,2026-09-29
D1404,7465124,2026-09-29
D1404,7465147,2026-09-29
D1404,7465150,2026-09-29
D1404,7465154,2026-09-29
D1404,7465155,2026-09-29
D1404,7465157,2026-09-29
D1404,7465160,2026-09-29
D1404,7465164,2026-09-29
D1404,7465167,2026-09-29
D1404,7465194,2026-09-29
D1404,7465226,2026-09-29
D1404,7465233,2026-09-29
D1404,7465249,2026-09-29
D1404,7465250,2026-09-29
D1404,7465255,2026-09-29
D1404,7465266,2026-09-29
D1404,7465270,2026-09-29
D1404,7465272,2026-09-29
D1404,7465303,2026-09-29
D1404,7466788,2026-09-28
D1404,7466861,2026-09-28
D1404,7466864,2026-09-28
D1404,7470944,2026-10-04
D1404,7470961,2026-10-04
D1404,7470983,2026-10-04
D1404,7470992,2026-10-04
D1404,7471007,2026-10-04
D1404,7471295,2026-09-28
D1404,7475468,2026-09-29
D1404,7476449,2026-09-29
D1404,7476820,2026-09-29
D1404,7477285,2026-10-04
D1404,7490401,2026-09-30
D1404,7490424,2026-09-30
D1404,7490426,2026-09-30
D1404,7490427,2026-09-30
D1404,7490429,2026-09-30
D1404,7490431,2026-09-30
D1404,7490438,2026-09-30
D1404,7490439,2026-09-30
D1404,7491552,2026-09-29
D1404,7491795,2026-09-29
D1404,7492074,2026-09-29
D1404,7492798,2026-09-29
D1404,7493103,2026-09-29
D1404,7493358,2026-09-29
D1404,7493931,2026-09-29
D1404,7494329,2026-09-29
D1404,7495442,2026-09-29
D1404,7495464,2026-09-29
D1404,7495921,2026-09-29
D1404,7495937,2026-09-29
D1404,7497386,2026-09-30
D1404,7497850,2026-09-30
D1404,7497893,2026-09-30
D1404,7498336,2026-10-05
D1404,7515596,2026-09-30
D1404,7516721,2026-09-30
D1404,7516800,2026-09-30
D1404,7517966,2026-09-30
D1404,7518034,2026-09-30
D1404,7518517,2026-09-30
D1404,7518891,2026-09-30
D1404,7521095,2026-09-30
D1404,7521867,2026-09-30
D1404,7529358,2026-09-30
D1404,7529437,2026-09-30
D1404,7531284,2026-09-30
D1404,7531846,2026-09-30
D1404,7531850,2026-09-30
D1404,7531856,2026-09-30
D1404,7533779,2026-10-04
D1404,7535080,2026-10-01
D1404,7536020,2026-10-01
D1404,7536022,2026-10-01
D1404,7536060,2026-10-01
D1404,7536104,2026-10-01
D1404,7536228,2026-10-01
D1404,7536459,2026-10-01
D1404,7536489,2026-10-01
D1404,7536817,2026-10-01
D1404,7538095,2026-10-01
D1404,7538131,2026-10-01
D1404,7538227,2026-10-01
D1404,7538259,2026-10-01
D1404,7538357,2026-10-01
D1404,7538503,2026-10-01
D1404,7543670,2026-10-01
D1404,7560155,2026-10-01
D1404,7561208,2026-10-01
D1404,7561384,2026-10-01
D1404,7561388,2026-10-01
D1404,7561395,2026-10-01
D1404,7561426,2026-10-01
D1404,7561725,2026-10-01
D1404,7561727,2026-10-01
D1404,7561731,2026-10-01
D1404,7561733,2026-10-01
D1404,7561734,2026-10-01
D1404,7561736,2026-10-01
D1404,7561739,2026-10-01
D1404,7561747,2026-10-01
D1404,7564596,2026-10-04
D1404,7565475,2026-10-01
D1404,7565543,2026-10-01
D1404,7565632,2026-10-01
D1404,7565778,2026-10-01
D1404,7565785,2026-10-01
D1404,7565849,2026-10-01
D1404,7565925,2026-10-01
D1404,7565958,2026-10-01
D1404,7565983,2026-10-01
D1404,7566463,2026-10-01
D1404,7566604,2026-10-01
D1404,7566725,2026-10-01
D1404,7566938,2026-10-01
D1404,7566965,2026-10-01
D1404,7567082,2026-10-01
D1404,7567234,2026-10-01
D1404,7571176,2026-10-02
D1404,7571972,2026-10-02
D1404,7572350,2026-10-02
D1404,7589795,2026-10-02
D1404,7590217,2026-10-02
D1404,7594508,2026-10-02
D1404,7597177,2026-10-02
D1404,7598934,2026-10-02
D1404,7599024,2026-10-02
D1404,7600244,2026-10-02
D1404,7601872,2026-10-03
D1404,7602627,2026-10-03
D1404,7602660,2026-10-03
D1404,7602672,2026-10-03
D1404,7602679,2026-10-03
D1404,7602758,2026-10-03
D1404,7602905,2026-10-03
D1404,7603941,2026-10-03
D1404,7624218,2026-10-03
D1404,7624229,2026-10-03
D1404,7624244,2026-10-03
D1404,7624376,2026-10-03
D1404,7624383,2026-10-03
D1404,7624411,2026-10-03
D1404,7624419,2026-10-03
D1404,7625343,2026-10-03
D1404,7627365,2026-10-03
D1404,7628643,2026-10-03
D1404,7629696,2026-10-03
D1404,7629977,2026-10-03
D1404,7630043,2026-10-03
D1404,7630541,2026-10-03
D1404,7632912,2026-10-03
D1404,7633830,2026-10-03
D1404,7633842,2026-10-03
D1404,7633870,2026-10-03
D1404,7633872,2026-10-03
D1404,7633879,2026-10-03
D1404,7633882,2026-10-03
D1404,7633885,2026-10-03
D1404,7633926,2026-10-03
D1404,7633979,2026-10-03
D1404,7635763,2026-10-03
D1404,7636424,2026-10-04
D1404,7636435,2026-10-04
D1404,7636960,2026-10-04
D1404,7637002,2026-10-04
D1404,7637388,2026-10-04
D1404,7637408,2026-10-04
D1404,7637411,2026-10-04
D1404,7637420,2026-10-04
D1404,7637716,2026-10-04
D1404,7637857,2026-10-04
D1404,7637866,2026-10-04
D1404,7637900,2026-10-04
D1404,7637912,2026-10-04
D1404,7639721,2026-10-04
D1404,7640100,2026-10-05
D1404,7656473,2026-10-04
D1404,7656919,2026-10-04
D1404,7656999,2026-10-04
D1404,7657033,2026-10-04
D1404,7657103,2026-10-04
D1404,7657339,2026-10-05
D1404,7657448,2026-10-05
D1404,7657490,2026-10-05
D1406,204DZSF,2026-09-15
D1406,204MHJP,2026-09-23
D1406,208PFFH,2026-09-25
D1406,211FSSQ,2026-09-25
D1406,211HCBC,2026-09-30
D1406,211LBKJ,2026-09-21
D1406,211MNVK,2026-09-18
D1406,211PZBW,2026-09-22
D1406,211RFDK,2026-09-22
D1406,211TDRW,2026-10-02
D1406,211WSMQ,2026-09-30
D1406,211YKRS,2026-09-28
D1406,212HPZV,2026-09-18
D1406,212MBNS,2026-09-29
D1406,212MXWC,2026-09-14
D1406,212WHFY,2026-09-29
D1406,212YBLT,2026-10-01
D1406,213DWTZ,2026-10-02
D1406,213FBKX,2026-10-01
D1406,213FCWB,2026-09-24
D1406,213GZYH,2026-10-02
D1406,213HBCD,2026-10-02
D1406,213HBGF,2026-10-02
D1406,213HBJY,2026-10-02
D1406,213HBNW,2026-09-25
D1406,213HBRV,2026-09-25
D1406,213HBVN,2026-09-25
D1406,213HBYH,2026-09-25
D1406,213HCBQ,2026-09-25
D1406,213HCFR,2026-09-25
D1406,213JVCC,2026-10-01
D1406,213LWGC,2026-09-23
D1406,213MDVC,2026-10-02
D1406,213MDXY,2026-10-01
D1406,213MNCZ,2026-09-28
D1406,213MZNZ,2026-09-08
D1406,213NGFT,2026-09-30
D1406,213NPQG,2026-09-30
D1406,213QGRK,2026-09-23
D1406,213QKLY,2026-09-09
D1406,213QPLX,2026-09-25
D1406,213QWSJ,2026-09-24
D1406,213RVJY,2026-10-02
D1406,213RWZR,2026-09-30
D1406,213TBCR,2026-09-27
D1406,213TBMH,2026-10-01
D1406,213TJTY,2026-09-11
D1406,213TKDV,2026-09-11
D1406,213TTMQ,2026-09-27
D1406,213VHLW,2026-09-24
D1406,213VJHP,2026-09-15
D1406,213VJLB,2026-10-02
D1406,213VMFQ,2026-09-30
D1406,213VNJB,2026-10-01
D1406,213VSFF,2026-09-30
D1406,213VXPS,2026-09-23
D1406,213WDHF,2026-10-02
D1406,213WWBW,2026-09-15
D1406,213WWLD,2026-09-15
D1406,213WYZF,2026-10-01
D1406,213WZTP,2026-09-29
D1406,213XBVX,2026-10-01
D1406,213XBVY,2026-10-01
D1406,213XCQF,2026-10-01
D1406,213YPYT,2026-09-30
D1406,213YVRW,2026-09-17
D1406,213ZBRR,2026-10-02
D1406,213ZCJS,2026-10-02
D1406,213ZYVJ,2026-10-03
D1406,214BKDN,2026-10-02
D1406,214BPNR,2026-09-18
D1406,214BPPW,2026-09-18
D1406,214BTJK,2026-09-18
D1406,214BTWX,2026-09-18
D1406,214BTXR,2026-09-28
D1406,214BTYF,2026-09-18
D1406,214BTYX,2026-09-18
D1406,214BWRH,2026-10-02
D1406,214CKHG,2026-10-04
D1406,214CKPC,2026-10-04
D1406,214CTXS,2026-09-21
D1406,214DBCP,2026-09-24
D1406,214DFVP,2026-09-21
D1406,214DPZR,2026-10-01
D1406,214DZVJ,2026-09-23
D1406,214FBTD,2026-09-22
D1406,214FFQP,2026-09-21
D1406,214FMWQ,2026-09-22
D1406,214FRYS,2026-09-22
D1406,214FTJZ,2026-09-23
D1406,214GKCM,2026-09-22
D1406,214GPBL,2026-09-24
D1406,214GSLF,2026-09-23
D1406,214GSZQ,2026-09-23
D1406,214GVFG,2026-09-23
D1406,214HFMC,2026-09-23
D1406,214HLPY,2026-09-23
D1406,214HLSW,2026-09-23
D1406,214HTKN,2026-09-24
D1406,214HVBJ,2026-10-01
D1406,214HVCT,2026-09-24
D1406,214JBJB,2026-09-24
D1406,214KHTD,2026-09-25
D1406,214KPFC,2026-09-25
D1406,214KPNM,2026-09-25
D1406,214KVLC,2026-09-28
D1406,214KVVD,2026-09-28
D1406,214KZCF,2026-09-28
D1406,214LBHJ,2026-09-25
D1406,214LDKF,2026-09-28
D1406,214LXCK,2026-09-29
D1406,214MBFL,2026-09-28
D1406,214MNTG,2026-09-28
D1406,214MNYY,2026-09-29
D1406,214MQRH,2026-09-28
D1406,214MRVL,2026-09-28
D1406,214NJLB,2026-09-29
D1406,214NTFW,2026-09-29
D1406,214PFWC,2026-10-01
D1406,214PKTX,2026-10-02
D1406,214PSYL,2026-10-01
D1406,214PTLG,2026-10-01
D1406,214PTYL,2026-10-02
D1406,214PVGJ,2026-09-30
D1406,214PXRM,2026-09-30
D1406,214QCHL,2026-10-04
D1406,214QDHN,2026-10-01
D1406,214QDTN,2026-10-02
D1406,214QFRD,2026-09-30
D1406,214QPXG,2026-10-02
D1406,214QQWN,2026-10-02
D1406,214QTPB,2026-10-02
D1406,214QVVP,2026-10-01
D1406,214RBBX,2026-10-01
D1406,214RFNG,2026-10-01
D1406,214RMGC,2026-10-01
D1406,214RXPK,2026-10-02
D1406,214SBJV,2026-10-02
D1406,214SBXK,2026-10-02
D1406,214SLGF,2026-10-02
D1406,214SMPZ,2026-10-02
D1406,2155645,2026-07-22
D1406,2159884,2026-09-01
D1406,2427240,2026-07-07
D1406,3455129,2026-07-22
D1406,3684785,2026-07-07
D1406,3684786,2026-07-07
D1406,3722938,2026-10-04
D1406,3732047,2026-07-07
D1406,3866215,2026-07-07
D1406,3866217,2026-07-07
D1406,3876500,2026-07-21
D1406,3984730,2026-07-07
D1406,4027473,2026-07-18
D1406,4027475,2026-07-18
D1406,4027478,2026-07-18
D1406,4110482,2026-07-18
D1406,4231276,2026-10-02
D1406,4333177,2026-07-22
D1406,4376614,2026-07-07
D1406,4399804,2026-07-29
D1406,4589410,2026-07-07
D1406,4606313,2026-09-02
D1406,4688116,2026-09-29
D1406,4732277,2026-10-03
D1406,4770347,2026-09-02
D1406,4771980,2026-07-15
D1406,4812879,2026-07-10
D1406,5040826,2026-09-02
D1406,5060241,2026-07-16
D1406,5114570,2026-09-01
D1406,5135751,2026-10-02
D1406,5135760,2026-10-02
D1406,5141828,2026-07-22
D1406,5202909,2026-07-22
D1406,5227521,2026-08-31
D1406,5227529,2026-08-31
D1406,5421543,2026-10-02
D1406,5434155,2026-07-24
D1406,5501254,2026-10-02
D1406,5503312,2026-08-31
D1406,5616383,2026-09-20
D1406,5629900,2026-07-31
D1406,5708054,2026-08-05
D1406,5744236,2026-08-31
D1406,5793000,2026-08-06
D1406,5802780,2026-09-25
D1406,5827876,2026-09-01
D1406,5862154,2026-09-08
D1406,5946196,2026-09-11
D1406,5955024,2026-10-02
D1406,6002297,2026-09-11
D1406,6008136,2026-09-21
D1406,6008174,2026-09-21
D1406,6051145,2026-09-11
D1406,6114198,2026-09-01
D1406,6142745,2026-08-20
D1406,6149246,2026-09-11
D1406,6236550,2026-09-11
D1406,6246781,2026-09-24
D1406,6246873,2026-09-24
D1406,6246874,2026-09-24
D1406,6246904,2026-09-24
D1406,6266539,2026-09-11
D1406,6277818,2026-09-11
D1406,6277820,2026-09-11
D1406,6282620,2026-09-24
D1406,6306268,2026-08-28
D1406,6352535,2026-09-01
D1406,6393488,2026-08-28
D1406,6401184,2026-08-29
D1406,6418464,2026-08-29
D1406,6419077,2026-09-08
D1406,6430593,2026-09-11
D1406,6430606,2026-09-11
D1406,6441488,2026-09-11
D1406,6441489,2026-09-11
D1406,6444861,2026-08-31
D1406,6460494,2026-09-01
D1406,6467690,2026-08-31
D1406,6467803,2026-09-11
D1406,6467812,2026-09-11
D1406,6467830,2026-09-11
D1406,6494511,2026-10-02
D1406,6495845,2026-09-29
D1406,6500258,2026-09-11
D1406,6500260,2026-09-11
D1406,6500262,2026-09-11
D1406,6500269,2026-09-11
D1406,6500276,2026-09-11
D1406,6507074,2026-09-08
D1406,6518508,2026-09-02
D1406,6538282,2026-10-02
D1406,6590149,2026-09-11
D1406,6590152,2026-09-11
D1406,6596477,2026-09-04
D1406,6596956,2026-09-23
D1406,6637070,2026-09-11
D1406,6637071,2026-09-11
D1406,6673186,2026-09-05
D1406,6673205,2026-09-05
D1406,6675809,2026-10-05
D1406,6676369,2026-09-23
D1406,6682775,2026-09-06
D1406,6682779,2026-09-06
D1406,6682780,2026-09-06
D1406,6682786,2026-09-06
D1406,6685930,2026-10-01
D1406,6692746,2026-09-07
D1406,6696878,2026-10-04
D1406,6698283,2026-09-07
D1406,6704400,2026-10-02
D1406,6725874,2026-10-04
D1406,6729405,2026-09-08
D1406,6738204,2026-09-08
D1406,6769976,2026-09-09
D1406,6800167,2026-09-10
D1406,6805373,2026-10-04
D1406,6808255,2026-10-04
D1406,6825128,2026-10-01
D1406,6825335,2026-10-01
D1406,6825664,2026-10-01
D1406,6825836,2026-10-01
D1406,6825841,2026-10-01
D1406,6829948,2026-09-11
D1406,6830363,2026-09-11
D1406,6832511,2026-09-12
D1406,6845535,2026-09-12
D1406,6845655,2026-09-12
D1406,6846393,2026-09-12
D1406,6881618,2026-09-15
D1406,6881635,2026-09-15
D1406,6881652,2026-09-15
D1406,6884699,2026-10-05
D1406,6895482,2026-09-15
D1406,6898031,2026-09-15
D1406,6899808,2026-09-15
D1406,6900330,2026-09-15
D1406,6909937,2026-09-16
D1406,6911141,2026-09-17
D1406,6927446,2026-09-16
D1406,6927452,2026-10-01
D1406,6929829,2026-09-16
D1406,6985730,2026-10-01
D1406,6985802,2026-10-01
D1406,6985871,2026-10-01
D1406,6985909,2026-10-01
D1406,6986624,2026-09-18
D1406,6993261,2026-09-18
D1406,6994806,2026-09-18
D1406,6994873,2026-09-18
D1406,6995491,2026-09-18
D1406,7001299,2026-09-18
D1406,7002324,2026-09-18
D1406,7006667,2026-09-18
D1406,7014195,2026-09-19
D1406,7014624,2026-09-19
D1406,7030378,2026-10-01
D1406,7030388,2026-10-01
D1406,7036868,2026-09-20
D1406,7042814,2026-09-20
D1406,7056605,2026-09-21
D1406,7060742,2026-09-21
D1406,7060813,2026-09-21
D1406,7062620,2026-09-21
D1406,7093597,2026-09-22
D1406,7094101,2026-09-22
D1406,7095241,2026-09-22
D1406,7096955,2026-09-22
D1406,7097044,2026-09-22
D1406,7100478,2026-09-22
D1406,7104688,2026-09-23
D1406,7112481,2026-09-23
D1406,7114108,2026-09-23
D1406,7117505,2026-09-23
D1406,7117566,2026-09-23
D1406,7126139,2026-09-23
D1406,7126140,2026-09-23
D1406,7134630,2026-09-23
D1406,7148774,2026-09-23
D1406,7152394,2026-09-24
D1406,7158414,2026-09-24
D1406,7158484,2026-09-24
D1406,7161836,2026-10-01
D1406,7161851,2026-10-01
D1406,7165198,2026-09-24
D1406,7347541,2026-10-03
D1406,7349499,2026-09-25
D1406,7379977,2026-10-01
D1406,7386888,2026-09-25
D1406,7400309,2026-09-25
D1406,7402094,2026-09-26
D1406,7402791,2026-09-26
D1406,7403188,2026-09-26
D1406,7403721,2026-09-26
D1406,7403723,2026-09-26
D1406,7403725,2026-09-26
D1406,7404514,2026-09-26
D1406,7404534,2026-09-26
D1406,7407964,2026-10-01
D1406,7408273,2026-09-26
D1406,7421811,2026-10-01
D1406,7421930,2026-10-04
D1406,7422104,2026-10-04
D1406,7422887,2026-09-26
D1406,7425068,2026-09-26
D1406,7428083,2026-09-26
D1406,7428145,2026-09-26
D1406,7431147,2026-10-04
D1406,7450888,2026-09-27
D1406,7450889,2026-09-27
D1406,7453597,2026-09-28
D1406,7463657,2026-09-28
D1406,7463788,2026-09-28
D1406,7467298,2026-09-28
D1406,7468033,2026-09-28
D1406,7471393,2026-09-28
D1406,7471782,2026-09-28
D1406,7472318,2026-09-28
D1406,7475290,2026-09-29
D1406,7475304,2026-09-29
D1406,7475324,2026-09-29
D1406,7479836,2026-09-29
D1406,7489754,2026-10-01
D1406,7491791,2026-09-29
D1406,7491844,2026-09-29
D1406,7492377,2026-09-29
D1406,7492397,2026-10-01
D1406,7492831,2026-09-29
D1406,7495796,2026-09-29
D1406,7496305,2026-09-30
D1406,7514274,2026-10-01
D1406,7514374,2026-10-01
D1406,7515233,2026-09-30
D1406,7516750,2026-09-30
D1406,7517171,2026-10-01
D1406,7517730,2026-09-30
D1406,7517766,2026-09-30
D1406,7529743,2026-09-30
D1406,7529777,2026-09-30
D1406,7531701,2026-09-30
D1406,7532540,2026-09-30
D1406,7534347,2026-09-30
D1406,7534689,2026-09-30
D1406,7537186,2026-10-01
D1406,7537510,2026-10-01
D1406,7537803,2026-10-01
D1406,7537957,2026-10-01
D1406,7543406,2026-10-01
D1406,7553005,2026-10-01
D1406,7553074,2026-10-01
D1406,7553076,2026-10-01
D1406,7553174,2026-10-01
D1406,7553249,2026-10-01
D1406,7553509,2026-10-04
D1406,7555607,2026-10-01
D1406,7555742,2026-10-01
D1406,7555813,2026-10-01
D1406,7556506,2026-10-01
D1406,7557640,2026-10-01
D1406,7561196,2026-10-01
D1406,7561908,2026-10-01
D1406,7565384,2026-10-01
D1406,7565388,2026-10-01
D1406,7565687,2026-10-01
D1406,7566050,2026-10-01
D1406,7573044,2026-10-03
D1406,7585340,2026-10-02
D1406,7586452,2026-10-02
D1406,7586453,2026-10-02
D1406,7586503,2026-10-02
D1406,7586540,2026-10-02
D1406,7586621,2026-10-02
D1406,7586937,2026-10-02
D1406,7586938,2026-10-02
D1406,7586947,2026-10-02
D1406,7587903,2026-10-02
D1406,7588369,2026-10-02
D1406,7591119,2026-10-02
D1406,7595451,2026-10-02
D1406,7595514,2026-10-02
D1406,7599963,2026-10-02
D1406,7600066,2026-10-02
D1406,7600088,2026-10-02
D1406,7602513,2026-10-03
D1406,7603740,2026-10-03
D1406,7604033,2026-10-03
D1406,7607225,2026-10-03
D1406,7607227,2026-10-03
D1406,7623124,2026-10-03
D1406,7624209,2026-10-03
D1406,7624277,2026-10-03
D1406,7624634,2026-10-04
D1406,7624695,2026-10-04
D1406,7624938,2026-10-03
D1406,7624940,2026-10-03
D1406,7624955,2026-10-03
D1406,7625852,2026-10-03
D1406,7626260,2026-10-03
D1406,7626489,2026-10-03
D1406,7630556,2026-10-03
D1406,7635765,2026-10-03
D1406,7641212,2026-10-04
D1406,7656047,2026-10-04
D1406,7656055,2026-10-04
D1406,7656062,2026-10-04
D1406,7656091,2026-10-04
D1406,7656991,2026-10-04
D1406,7657055,2026-10-04
D1406,7657802,2026-10-05
D1406,7657809,2026-10-05
D1406,7657827,2026-10-05
D1406,7657871,2026-10-05
D1407,201SPNP,2026-09-18
D1407,205PMMX,2026-09-18
D1407,206JGDL,2026-09-23
D1407,206JKZQ,2026-09-16
D1407,206MDNP,2026-09-29
D1407,207WPDW,2026-09-16
D1407,207WPYN,2026-10-02
D1407,208PRVP,2026-09-29
D1407,208QJMH,2026-09-30
D1407,208QPWX,2026-09-17
D1407,208TYHW,2026-09-28
D1407,208YZSN,2026-09-21
D1407,209BWFH,2026-09-24
D1407,209FKRL,2026-09-30
D1407,209FNNG,2026-09-29
D1407,209LGSK,2026-10-02
D1407,209MGZQ,2026-09-30
D1407,209NLKR,2026-10-01
D1407,209RMMJ,2026-09-21
D1407,209RPJW,2026-09-21
D1407,209TGFH,2026-09-30
D1407,209TPVY,2026-09-30
D1407,209WDFW,2026-09-30
D1407,209WSDX,2026-10-02
D1407,209XBQB,2026-09-10
D1407,209XLNR,2026-09-29
D1407,209YKFZ,2026-09-28
D1407,210BLGW,2026-09-21
D1407,210GVRZ,2026-09-15
D1407,210HNDD,2026-09-15
D1407,210HVCY,2026-09-10
D1407,210JLMH,2026-07-17
D1407,210KHZS,2026-09-14
D1407,210KKWC,2026-10-01
D1407,210QLXL,2026-09-29
D1407,210SHGL,2026-07-20
D1407,210VTZT,2026-07-17
D1407,210WCKW,2026-09-29
D1407,210WKKQ,2026-09-28
D1407,210WLDH,2026-09-21
D1407,210XWXZ,2026-09-30
D1407,210ZRTR,2026-07-17
D1407,211FDFH,2026-09-11
D1407,211FQPK,2026-09-11
D1407,211GTRR,2026-07-17
D1407,211HPVH,2026-10-02
D1407,211KNFS,2026-09-09
D1407,211KVSQ,2026-09-17
D1407,211LCVL,2026-09-29
D1407,211LHQR,2026-09-28
D1407,211LXBC,2026-09-22
D1407,211MBHR,2026-09-25
D1407,211MCYZ,2026-09-22
D1407,211NYXR,2026-09-29
D1407,211PPTR,2026-09-30
D1407,211SKQS,2026-09-21
D1407,211TTPN,2026-09-28
D1407,211VHDR,2026-09-28
D1407,211VNYZ,2026-09-28
D1407,211VTKD,2026-10-02
D1407,211VYCW,2026-10-01
D1407,211VYLZ,2026-10-01
D1407,211VYQR,2026-10-01
D1407,211WBYF,2026-09-07
D1407,211WLNC,2026-10-01
D1407,211WVHZ,2026-09-24
D1407,211XSQQ,2026-09-28
D1407,211XSVV,2026-09-28
D1407,211XTCG,2026-09-28
D1407,211XYLM,2026-09-30
D1407,211YMQT,2026-09-30
D1407,211ZRCJ,2026-09-10
D1407,212BFLN,2026-09-29
D1407,212BNGJ,2026-09-14
D1407,212CVHL,2026-09-21
D1407,212DKKK,2026-09-29
D1407,212GHQF,2026-09-18
D1407,212HVST,2026-10-02
D1407,212JBVJ,2026-09-29
D1407,212JHNM,2026-09-30
D1407,212JJKB,2026-09-30
D1407,212KDVF,2026-09-30
D1407,212KHJG,2026-09-25
D1407,212NJDP,2026-09-17
D1407,212NKHM,2026-09-17
D1407,212NKNR,2026-09-17
D1407,212NKPJ,2026-09-29
D1407,212NKPZ,2026-09-17
D1407,212NMZJ,2026-10-01
D1407,212PKCH,2026-10-01
D1407,212PSZC,2026-09-18
D1407,212QLZF,2026-10-02
D1407,212QNJR,2026-09-30
D1407,212QXKD,2026-09-17
D1407,212RLGD,2026-09-24
D1407,212SCJQ,2026-09-16
D1407,212SCMP,2026-09-16
D1407,212SHBB,2026-10-01
D1407,212SRDC,2026-09-30
D1407,212SXGN,2026-10-02
D1407,212TBHY,2026-09-30
D1407,212TWZW,2026-09-16
D1407,212VCRX,2026-09-28
D1407,212VPGF,2026-09-30
D1407,212VZWD,2026-09-16
D1407,212WKXV,2026-10-02
D1407,212XBMY,2026-09-25
D1407,212XDQX,2026-09-16
D1407,212XHRB,2026-09-30
D1407,212XTBJ,2026-09-16
D1407,212XTPV,2026-09-18
D1407,212XTTD,2026-09-23
D1407,212XZJJ,2026-09-30
D1407,212XZQC,2026-10-01
D1407,212YQCX,2026-10-02
D1407,212YSXB,2026-09-30
D1407,212YWTD,2026-09-24
D1407,212ZGBF,2026-10-02
D1407,213BNCB,2026-09-30
D1407,213BWGT,2026-10-01
D1407,213BZNW,2026-10-02
D1407,213CCSP,2026-09-25
D1407,213CFFB,2026-09-21
D1407,213CFJF,2026-09-21
D1407,213CFNG,2026-09-21
D1407,213CMVT,2026-09-16
D1407,213CNHY,2026-09-28
D1407,213CPMK,2026-09-25
D1407,213CTTD,2026-10-01
D1407,213CVFS,2026-10-01
D1407,213CWFB,2026-10-01
D1407,213CYWC,2026-10-01
D1407,213DZSC,2026-09-28
D1407,213FLWD,2026-09-30
D1407,213FWPC,2026-10-02
D1407,213GJBP,2026-09-18
D1407,213GWLR,2026-09-30
D1407,213GXLN,2026-09-30
D1407,213HHKS,2026-09-25
D1407,213HJYX,2026-10-01
D1407,213HKCV,2026-10-01
D1407,213JBTZ,2026-10-02
D1407,213JDHF,2026-09-28
D1407,213JSHY,2026-10-01
D1407,213JVBS,2026-10-01
D1407,213JVDQ,2026-09-24
D1407,213KHCP,2026-09-30
D1407,213KLRZ,2026-10-01
D1407,213KPPF,2026-10-02
D1407,213KYPR,2026-10-01
D1407,213LJCL,2026-09-10
D1407,213LRNX,2026-09-28
D1407,213LRWH,2026-09-23
D1407,213LSNV,2026-09-17
D1407,213LTBV,2026-09-10
D1407,213LVDZ,2026-09-08
D1407,213LYRV,2026-09-25
D1407,213LZJG,2026-09-29
D1407,213LZSC,2026-10-02
D1407,213MBMM,2026-09-07
D1407,213MBWL,2026-09-10
D1407,213MCBL,2026-10-02
D1407,213MDNR,2026-09-30
D1407,213MGFG,2026-09-23
D1407,213MKCX,2026-10-02
D1407,213MKNP,2026-09-23
D1407,213MMPG,2026-10-01
D1407,213MQMT,2026-09-29
D1407,213MQQM,2026-09-23
D1407,213MRDT,2026-09-29
D1407,213MVCQ,2026-09-07
D1407,213MXBK,2026-09-23
D1407,213NDYT,2026-09-29
D1407,213NLVP,2026-09-08
D1407,213NPVG,2026-09-30
D1407,213NTMR,2026-09-24
D1407,213NTQX,2026-10-02
D1407,213NTRR,2026-09-24
D1407,213NTSS,2026-09-29
D1407,213NTTC,2026-10-02
D1407,213NVMH,2026-09-09
D1407,213NVNC,2026-09-24
D1407,213NVRP,2026-09-08
D1407,213NXKF,2026-09-24
D1407,213PDJR,2026-09-10
D1407,213PGPY,2026-09-08
D1407,213PJNP,2026-09-08
D1407,213PJYC,2026-09-29
D1407,213PKCV,2026-09-08
D1407,213PQLF,2026-09-25
D1407,213PQND,2026-09-25
D1407,213PQPY,2026-09-15
D1407,213PRNT,2026-09-22
D1407,213PTJB,2026-09-22
D1407,213PTMN,2026-09-09
D1407,213PVJL,2026-10-01
D1407,213PWCW,2026-09-25
D1407,213PXYY,2026-09-24
D1407,213PYHP,2026-09-10
D1407,213PYLM,2026-10-01
D1407,213PYTN,2026-09-24
D1407,213QBBC,2026-10-01
D1407,213QCHS,2026-09-25
D1407,213QCKF,2026-09-25
D1407,213QCLK,2026-09-25
D1407,213QDNY,2026-09-09
D1407,213QDRG,2026-09-25
D1407,213QDRL,2026-09-25
D1407,213QHFC,2026-10-02
D1407,213QHNT,2026-09-25
D1407,213QLXV,2026-09-22
D1407,213QLZC,2026-09-25
D1407,213QMYF,2026-10-01
D1407,213QNFL,2026-10-01
D1407,213QNJD,2026-09-25
D1407,213QNWP,2026-09-30
D1407,213QVGW,2026-09-10
D1407,213QYBZ,2026-09-28
D1407,213QZVQ,2026-10-02
D1407,213QZVR,2026-10-02
D1407,213RDCX,2026-10-02
D1407,213RHPC,2026-09-11
D1407,213RJXW,2026-09-30
D1407,213RNDW,2026-09-25
D1407,213RNFF,2026-09-23
D1407,213RNLK,2026-09-11
D1407,213RQBH,2026-09-26
D1407,213RRWZ,2026-09-22
D1407,213RTZT,2026-09-26
D1407,213RYCJ,2026-09-17
D1407,213RYFH,2026-09-28
D1407,213RYGC,2026-09-26
D1407,213RYND,2026-09-17
D1407,213RYVD,2026-09-26
D1407,213SFSQ,2026-10-01
D1407,213SGFR,2026-09-10
D1407,213SGLJ,2026-09-14
D1407,213SHPS,2026-09-10
D1407,213SKDX,2026-09-30
D1407,213SKXH,2026-09-30
D1407,213SKXL,2026-09-30
D1407,213SKXM,2026-09-30
D1407,213SKXV,2026-09-30
D1407,213SMDQ,2026-10-01
D1407,213SNHB,2026-09-29
D1407,213STZS,2026-09-11
D1407,213SZFH,2026-09-29
D1407,213SZYF,2026-09-11
D1407,213TBVG,2026-09-29
D1407,213TBZG,2026-09-23
D1407,213TBZR,2026-09-14
D1407,213TCRK,2026-09-24
D1407,213TDCX,2026-09-27
D1407,213TDFX,2026-09-27
D1407,213TDKH,2026-09-28
D1407,213TDMR,2026-09-27
D1407,213TFLR,2026-09-27
D1407,213TGMC,2026-09-27
D1407,213THCG,2026-09-29
D1407,213TPPM,2026-09-28
D1407,213TQZB,2026-09-14
D1407,213TRJY,2026-10-01
D1407,213TSPB,2026-09-27
D1407,213TXXQ,2026-09-14
D1407,213TYBJ,2026-09-14
D1407,213TYBT,2026-09-14
D1407,213TYCJ,2026-09-14
D1407,213TYCT,2026-09-14
D1407,213TYDM,2026-09-14
D1407,213TYFG,2026-09-14
D1407,213TYQJ,2026-09-15
D1407,213TYRQ,2026-09-30
D1407,213VBFC,2026-09-14
D1407,213VBGK,2026-09-14
D1407,213VDQL,2026-10-04
D1407,213VFWR,2026-09-25
D1407,213VFZR,2026-09-16
D1407,213VGDS,2026-09-16
D1407,213VGDT,2026-09-14
D1407,213VGHG,2026-09-30
D1407,213VGMS,2026-09-16
D1407,213VJRP,2026-09-30
D1407,213VLLJ,2026-09-30
D1407,213VNNF,2026-09-14
D1407,213VNZT,2026-09-30
D1407,213VPCD,2026-09-30
D1407,213VPRN,2026-09-22
D1407,213VRRW,2026-09-16
D1407,213VRSK,2026-09-16
D1407,213VRTK,2026-09-16
D1407,213VRTX,2026-09-16
D1407,213VRYP,2026-09-14
D1407,213VSLZ,2026-10-01
D1407,213VVKB,2026-09-30
D1407,213VXBW,2026-09-14
D1407,213VYHK,2026-09-30
D1407,213VZGP,2026-09-14
D1407,213VZKH,2026-09-30
D1407,213VZNZ,2026-09-30
D1407,213VZSL,2026-09-30
D1407,213VZVF,2026-09-14
D1407,213VZWN,2026-09-30
D1407,213WBKC,2026-10-01
D1407,213WCMB,2026-09-30
D1407,213WFQV,2026-09-14
D1407,213WGWT,2026-09-19
D1407,213WGYB,2026-09-30
D1407,213WHBK,2026-09-30
D1407,213WHBP,2026-09-30
D1407,213WHCJ,2026-09-30
D1407,213WHSX,2026-09-30
D1407,213WLCY,2026-10-01
D1407,213WNGZ,2026-10-01
D1407,213WPMF,2026-10-01
D1407,213WRTM,2026-10-01
D1407,213WSHB,2026-09-30
D1407,213WSVD,2026-10-01
D1407,213WTDB,2026-10-02
D1407,213WVXP,2026-09-15
D1407,213WVZH,2026-09-15
D1407,213WYBL,2026-09-30
D1407,213WYCG,2026-09-15
D1407,213WZZX,2026-10-02
D1407,213XCLP,2026-09-17
D1407,213XDPF,2026-10-01
D1407,213XGDP,2026-10-02
D1407,213XGHC,2026-09-15
D1407,213XHGQ,2026-09-30
D1407,213XJXK,2026-10-01
D1407,213XLBB,2026-10-01
D1407,213XMJB,2026-10-02
D1407,213XNBN,2026-10-01
D1407,213XQPS,2026-10-01
D1407,213XRTH,2026-10-01
D1407,213XSTB,2026-10-01
D1407,213XTXR,2026-10-01
D1407,213XVQG,2026-10-02
D1407,213XVZW,2026-09-16
D1407,213XYRD,2026-09-24
D1407,213XZNP,2026-10-02
D1407,213YBHJ,2026-10-02
D1407,213YBNZ,2026-10-02
D1407,213YBSM,2026-10-02
D1407,213YDFT,2026-09-16
D1407,213YDHF,2026-09-16
D1407,213YDMW,2026-09-16
D1407,213YDSB,2026-09-16
D1407,213YFRB,2026-09-30
D1407,213YFWP,2026-10-02
D1407,213YFZC,2026-10-02
D1407,213YGHL,2026-09-16
D1407,213YGHM,2026-10-02
D1407,213YKBJ,2026-09-16
D1407,213YKQG,2026-10-02
D1407,213YLNY,2026-10-02
D1407,213YNPD,2026-10-01
D1407,213YPNT,2026-09-16
D1407,213YSXH,2026-09-17
D1407,213YTDP,2026-10-02
D1407,213YXFN,2026-09-17
D1407,213YYBV,2026-09-30
D1407,213YZGT,2026-09-17
D1407,213ZCFZ,2026-10-03
D1407,213ZFTT,2026-09-17
D1407,213ZHRX,2026-10-03
D1407,213ZLHG,2026-10-03
D1407,213ZLKB,2026-10-03
D1407,213ZLMB,2026-09-18
D1407,213ZNQH,2026-10-03
D1407,213ZNQY,2026-10-03
D1407,213ZNRY,2026-10-03
D1407,213ZNTF,2026-10-03
D1407,213ZNTS,2026-10-03
D1407,213ZNVB,2026-10-03
D1407,213ZNVT,2026-10-03
D1407,213ZNWQ,2026-10-03
D1407,213ZNXG,2026-10-03
D1407,213ZNXY,2026-10-03
D1407,213ZNYN,2026-10-03
D1407,213ZNZF,2026-09-17
D1407,213ZNZX,2026-10-03
D1407,213ZPWM,2026-10-03
D1407,213ZQQX,2026-09-17
D1407,213ZRYR,2026-10-03
D1407,213ZTCH,2026-09-18
D1407,213ZTZN,2026-10-03
D1407,213ZTZP,2026-09-30
D1407,213ZVDZ,2026-10-03
D1407,213ZXLX,2026-10-01
D1407,213ZXXX,2026-09-17
D1407,213ZYJS,2026-09-29
D1407,213ZYKG,2026-10-03
D1407,213ZYLF,2026-10-03
D1407,213ZYXZ,2026-10-03
D1407,214BGSD,2026-09-18
D1407,214BHCY,2026-10-03
D1407,214BHDQ,2026-10-03
D1407,214BJMT,2026-09-18
D1407,214BJMV,2026-09-18
D1407,214BJNF,2026-10-03
D1407,214BJNH,2026-10-03
D1407,214BJVD,2026-09-26
D1407,214BMDQ,2026-09-21
D1407,214BNFV,2026-09-18
D1407,214BPGP,2026-10-04
D1407,214BQCR,2026-10-04
D1407,214BQMT,2026-09-23
D1407,214BSYT,2026-09-18
D1407,214BTJF,2026-10-01
D1407,214BTJX,2026-10-01
D1407,214BTQL,2026-09-18
D1407,214BVYZ,2026-09-18
D1407,214BWJZ,2026-10-02
D1407,214CBJL,2026-09-18
D1407,214CBPX,2026-10-01
D1407,214CBVH,2026-10-02
D1407,214CFVZ,2026-10-04
D1407,214CJNR,2026-10-01
D1407,214CLLS,2026-09-18
D1407,214CPDF,2026-09-21
D1407,214CQGD,2026-10-04
D1407,214CQND,2026-10-04
D1407,214CTMQ,2026-09-21
D1407,214CXNP,2026-09-28
D1407,214DBYH,2026-09-21
D1407,214DGWB,2026-09-21
D1407,214DJYK,2026-09-30
D1407,214DLKW,2026-10-03
D1407,214DLWH,2026-09-30
D1407,214DMDN,2026-09-30
D1407,214DMSL,2026-09-21
D1407,214DNZJ,2026-09-22
D1407,214DPCB,2026-10-04
D1407,214DPCT,2026-09-21
D1407,214DPLB,2026-09-21
D1407,214DPLG,2026-09-25
D1407,214DPWZ,2026-09-21
D1407,214DQWC,2026-09-22
D1407,214DRDG,2026-09-28
D1407,214DRKD,2026-09-21
D1407,214DRVC,2026-09-21
D1407,214DSCM,2026-09-21
D1407,214DWCL,2026-09-21
D1407,214DXDP,2026-09-21
D1407,214DXVY,2026-09-21
D1407,214FCSP,2026-09-22
D1407,214FCTC,2026-09-22
D1407,214FCTG,2026-09-29
D1407,214FCWK,2026-09-22
D1407,214FCWS,2026-09-22
D1407,214FCXD,2026-09-22
D1407,214FCYG,2026-09-22
D1407,214FDDG,2026-09-21
D1407,214FDSC,2026-09-22
D1407,214FHCV,2026-09-28
D1407,214FHPW,2026-09-29
D1407,214FHYZ,2026-09-22
D1407,214FJCD,2026-09-22
D1407,214FJHF,2026-09-29
D1407,214FJLP,2026-09-22
D1407,214FJSQ,2026-09-22
D1407,214FKBY,2026-09-27
D1407,214FLVJ,2026-09-28
D1407,214FMTZ,2026-09-22
D1407,214FNNB,2026-09-22
D1407,214FPDN,2026-09-27
D1407,214FQPH,2026-09-23
D1407,214FQSC,2026-09-23
D1407,214FSNQ,2026-09-22
D1407,214FTLC,2026-09-28
D1407,214FVDD,2026-09-22
D1407,214FXGW,2026-09-23
D1407,214FYJP,2026-09-22
D1407,214FYNY,2026-09-22
D1407,214FZSV,2026-09-23
D1407,214GBMC,2026-09-22
D1407,214GBQC,2026-09-22
D1407,214GBTT,2026-09-30
D1407,214GDMT,2026-09-22
D1407,214GFMV,2026-09-22
D1407,214GFSB,2026-09-22
D1407,214GFVF,2026-09-22
D1407,214GGSL,2026-09-22
D1407,214GHPX,2026-09-22
D1407,214GJCF,2026-10-01
D1407,214GJGN,2026-09-22
D1407,214GKWH,2026-10-02
D1407,214GKXC,2026-09-25
D1407,214GMDP,2026-09-22
D1407,214GPRR,2026-09-22
D1407,214GRQH,2026-09-23
D1407,214GSLT,2026-09-23
D1407,214GTGJ,2026-09-23
D1407,214GTMR,2026-09-23
D1407,214GTXK,2026-10-02
D1407,214GTXT,2026-10-02
D1407,214GTYV,2026-10-02
D1407,214GVBY,2026-10-02
D1407,214GVDH,2026-10-02
D1407,214GVSZ,2026-09-23
D1407,214GWVK,2026-10-02
D1407,214GXQZ,2026-09-23
D1407,214GXRP,2026-09-23
D1407,214GYXQ,2026-09-30
D1407,214GZDT,2026-09-23
D1407,214GZPS,2026-09-23
D1407,214HCDW,2026-09-23
D1407,214HCGH,2026-09-23
D1407,214HCTM,2026-09-23
D1407,214HCZL,2026-09-23
D1407,214HDHL,2026-09-23
D1407,214HDXX,2026-10-02
D1407,214HHVQ,2026-09-29
D1407,214HJZH,2026-09-23
D1407,214HKMH,2026-09-28
D1407,214HKNG,2026-09-23
D1407,214HLDV,2026-09-24
D1407,214HLFS,2026-09-23
D1407,214HLHJ,2026-09-23
D1407,214HLMG,2026-10-02
D1407,214HLND,2026-09-24
D1407,214HMDY,2026-09-24
D1407,214HNGX,2026-09-28
D1407,214HNYB,2026-10-01
D1407,214HPKB,2026-09-23
D1407,214HSXN,2026-09-23
D1407,214HWVT,2026-10-02
D1407,214HXJX,2026-09-23
D1407,214HXQF,2026-09-29
D1407,214HXYH,2026-09-23
D1407,214HXZS,2026-09-28
D1407,214HZHR,2026-09-24
D1407,214HZHZ,2026-09-24
D1407,214JBFG,2026-09-28
D1407,214JBTQ,2026-09-24
D1407,214JBVX,2026-09-24
D1407,214JCML,2026-09-24
D1407,214JDWW,2026-09-24
D1407,214JFRV,2026-09-24
D1407,214JFWR,2026-09-29
D1407,214JHRR,2026-09-24
D1407,214JJHG,2026-09-24
D1407,214JJRD,2026-09-24
D1407,214JJZC,2026-09-24
D1407,214JKPB,2026-10-01
D1407,214JMGG,2026-09-25
D1407,214JNVS,2026-09-30
D1407,214JPNP,2026-09-24
D1407,214JPTH,2026-09-24
D1407,214JPTZ,2026-09-24
D1407,214JQKB,2026-09-24
D1407,214JQSV,2026-09-24
D1407,214JRGN,2026-09-28
D1407,214JSPP,2026-10-01
D1407,214JSWT,2026-09-24
D1407,214JSYJ,2026-09-25
D1407,214JVZT,2026-09-24
D1407,214JWCF,2026-09-24
D1407,214JWWN,2026-09-25
D1407,214JYYY,2026-09-30
D1407,214JZCR,2026-09-25
D1407,214KCKH,2026-09-24
D1407,214KCKJ,2026-09-28
D1407,214KFKC,2026-10-02
D1407,214KFKN,2026-10-02
D1407,214KGRM,2026-09-29
D1407,214KKWY,2026-09-25
D1407,214KLTS,2026-09-28
D1407,214KLWW,2026-09-28
D1407,214KLYJ,2026-09-25
D1407,214KLZQ,2026-09-25
D1407,214KMGT,2026-09-25
D1407,214KNVG,2026-09-25
D1407,214KNWZ,2026-09-25
D1407,214KQJS,2026-09-25
D1407,214KQMV,2026-09-25
D1407,214KQTP,2026-09-25
D1407,214KQYV,2026-09-25
D1407,214KRKM,2026-09-25
D1407,214KRNQ,2026-09-25
D1407,214KTFV,2026-09-29
D1407,214KTVN,2026-09-28
D1407,214KTWD,2026-09-25
D1407,214KVFV,2026-09-25
D1407,214KVGF,2026-09-25
D1407,214KYCT,2026-09-28
D1407,214KYYN,2026-09-28
D1407,214KYZJ,2026-09-28
D1407,214KZMK,2026-09-25
D1407,214KZXP,2026-09-28
D1407,214LBRP,2026-09-25
D1407,214LCKK,2026-09-28
D1407,214LCLJ,2026-09-28
D1407,214LFMG,2026-09-28
D1407,214LFSY,2026-09-30
D1407,214LKKK,2026-09-28
D1407,214LLBG,2026-10-02
D1407,214LLJH,2026-09-26
D1407,214LLPC,2026-09-28
D1407,214LLSH,2026-09-26
D1407,214LNRY,2026-09-28
D1407,214LNWJ,2026-10-02
D1407,214LSCN,2026-09-28
D1407,214LWRY,2026-09-28
D1407,214LXLZ,2026-10-01
D1407,214LXMH,2026-09-28
D1407,214LXNW,2026-09-28
D1407,214LXPJ,2026-09-29
D1407,214LXPW,2026-09-28
D1407,214LYSB,2026-09-28
D1407,214LYXD,2026-09-28
D1407,214LYZT,2026-09-28
D1407,214LZBP,2026-09-29
D1407,214MBXS,2026-09-28
D1407,214MCWS,2026-09-28
D1407,214MDJG,2026-09-28
D1407,214MGHJ,2026-09-28
D1407,214MGKN,2026-09-29
D1407,214MGSB,2026-09-28
D1407,214MGYL,2026-09-28
D1407,214MHCK,2026-09-28
D1407,214MHKS,2026-10-01
D1407,214MHLM,2026-10-01
D1407,214MHRG,2026-09-30
D1407,214MHSP,2026-09-28
D1407,214MHWB,2026-09-28
D1407,214MHWX,2026-09-28
D1407,214MJDC,2026-09-28
D1407,214MJLM,2026-09-28
D1407,214MJVG,2026-10-02
D1407,214MKBX,2026-10-01
D1407,214MKXS,2026-09-28
D1407,214MLSM,2026-10-01
D1407,214MMSV,2026-09-29
D1407,214MPHV,2026-10-04
D1407,214MQRL,2026-09-28
D1407,214MRPW,2026-10-01
D1407,214MTTX,2026-09-30
D1407,214MVNP,2026-09-29
D1407,214MVWS,2026-09-29
D1407,214MVYH,2026-09-29
D1407,214MWBF,2026-09-29
D1407,214MWCS,2026-09-29
D1407,214MWCV,2026-09-29
D1407,214MWCW,2026-09-29
D1407,214MXPC,2026-09-29
D1407,214MXWV,2026-09-30
D1407,214MYBZ,2026-09-30
D1407,214MYRC,2026-09-29
D1407,214MZCX,2026-09-29
D1407,214MZLN,2026-09-29
D1407,214MZPD,2026-09-29
D1407,214NDWK,2026-09-29
D1407,214NFHB,2026-09-30
D1407,214NFKV,2026-09-30
D1407,214NGGN,2026-09-29
D1407,214NGKG,2026-09-29
D1407,214NHDW,2026-10-01
D1407,214NHYF,2026-09-29
D1407,214NKGJ,2026-09-29
D1407,214NKSB,2026-09-29
D1407,214NKZY,2026-09-29
D1407,214NLRV,2026-09-29
D1407,214NLSW,2026-09-29
D1407,214NLTZ,2026-09-29
D1407,214NLVT,2026-09-29
D1407,214NNGH,2026-09-29
D1407,214NPGF,2026-09-29
D1407,214NPLJ,2026-09-30
D1407,214NPMB,2026-09-29
D1407,214NPPD,2026-09-29
D1407,214NQKS,2026-09-29
D1407,214NQPY,2026-09-29
D1407,214NRBC,2026-10-01
D1407,214NRCM,2026-09-29
D1407,214NVWW,2026-09-29
D1407,214NZRR,2026-09-30
D1407,214PBTF,2026-09-29
D1407,214PDQB,2026-10-01
D1407,214PDQL,2026-09-30
D1407,214PDSB,2026-09-30
D1407,214PDSS,2026-09-30
D1407,214PDYM,2026-09-30
D1407,214PFJL,2026-09-29
D1407,214PFJT,2026-09-29
D1407,214PFSM,2026-09-30
D1407,214PLRL,2026-09-30
D1407,214PNQY,2026-09-30
D1407,214PNTB,2026-09-30
D1407,214PPGK,2026-09-30
D1407,214PPRK,2026-09-30
D1407,214PRHD,2026-10-01
D1407,214PRZH,2026-09-30
D1407,214PTYJ,2026-09-30
D1407,214PVBZ,2026-09-30
D1407,214PVDD,2026-09-30
D1407,214PVML,2026-09-30
D1407,214PWGM,2026-09-30
D1407,214PWGZ,2026-09-30
D1407,214PXCT,2026-10-02
D1407,214PXDT,2026-09-30
D1407,214PXLF,2026-09-30
D1407,214PXTP,2026-09-30
D1407,214PYFK,2026-09-30
D1407,214QFXN,2026-10-01
D1407,214QGHD,2026-10-01
D1407,214QGJV,2026-10-01
D1407,214QJCB,2026-10-02
D1407,214QJGN,2026-10-01
D1407,214QJYG,2026-10-02
D1407,214QKDQ,2026-10-01
D1407,214QMDC,2026-10-01
D1407,214QMFG,2026-10-01
D1407,214QMFH,2026-10-01
D1407,214QMNS,2026-10-01
D1407,214QNPW,2026-10-01
D1407,214QNXJ,2026-10-02
D1407,214QQBW,2026-10-02
D1407,214QSCN,2026-10-01
D1407,214QSMG,2026-10-01
D1407,214QTYM,2026-10-01
D1407,214QYTQ,2026-10-01
D1407,214QZQN,2026-10-01
D1407,214QZYR,2026-10-01
D1407,214RCCH,2026-10-02
D1407,214RFJX,2026-10-02
D1407,214RFTD,2026-10-02
D1407,214RFVD,2026-10-02
D1407,214RGJJ,2026-10-01
D1407,214RGVQ,2026-10-01
D1407,214RHVQ,2026-10-01
D1407,214RJYH,2026-10-01
D1407,214RKSP,2026-10-02
D1407,214RLMK,2026-10-02
D1407,214RMYK,2026-10-02
D1407,214RNVP,2026-10-02
D1407,214RPMW,2026-10-02
D1407,214RPWZ,2026-10-02
D1407,214RRCB,2026-10-02
D1407,214RRDX,2026-10-02
D1407,214RRWF,2026-10-02
D1407,214RSBW,2026-10-02
D1407,214RSMK,2026-10-02
D1407,214RTMH,2026-10-02
D1407,214RTTZ,2026-10-02
D1407,214RVCV,2026-10-02
D1407,214RWRY,2026-10-02
D1407,214RXTV,2026-10-02
D1407,214SCXT,2026-10-02
D1407,214SDHK,2026-10-02
D1407,214SDLW,2026-10-02
D1407,214SFQR,2026-10-02
D1407,214SHTZ,2026-10-02
D1407,214SJXK,2026-10-02
D1407,214SJZN,2026-10-02
D1407,214SKDX,2026-10-02
D1407,214SKKK,2026-10-02
D1407,214SKPM,2026-10-02
D1407,214SNLG,2026-10-02
D1407,214SPGH,2026-10-02
D1407,214SQCL,2026-10-02
D1407,214SQQK,2026-10-02
D1407,214SQYB,2026-10-02
D1407,214SQZV,2026-10-02
D1407,214SRZD,2026-10-02
D1407,214SSLN,2026-10-02
D1407,214STRJ,2026-10-02
D1407,214SVML,2026-10-03
D1407,214SYBY,2026-10-03
D1407,214SYBZ,2026-10-03
D1407,214SYCT,2026-10-03
D1407,214SYTX,2026-10-03
D1407,214SZLJ,2026-10-04
D1407,7155574,2026-09-24
D1407,7155708,2026-09-24
D1407,7155810,2026-09-24
D1407,7155851,2026-09-24
D1407,7155917,2026-09-24
D1407,7155963,2026-09-24
D1407,7156017,2026-09-24
D1407,7157269,2026-09-24
D1407,7157288,2026-09-24
D1407,7162120,2026-09-24
D1407,7164488,2026-09-24
D1407,7167287,2026-09-24
D1407,7168040,2026-09-24
D1407,7168090,2026-09-24
D1407,7168153,2026-09-24
D1407,7168615,2026-09-24
D1407,7168728,2026-09-24
D1407,7168762,2026-09-24
D1407,7168938,2026-09-24
D1407,7345275,2026-09-24
D1407,7345742,2026-10-04
D1407,7346331,2026-09-24
D1407,7347727,2026-10-05
D1407,7347730,2026-10-05
D1407,7348684,2026-09-25
D1407,7349275,2026-09-25
D1407,7349644,2026-09-25
D1407,7351879,2026-09-25
D1407,7352087,2026-09-25
D1407,7352407,2026-09-25
D1407,7352825,2026-09-25
D1407,7352872,2026-09-25
D1407,7353670,2026-10-05
D1407,7354448,2026-10-05
D1407,7354827,2026-10-05
D1407,7358511,2026-10-05
D1407,7367978,2026-10-05
D1407,7380125,2026-09-25
D1407,7380138,2026-09-25
D1407,7380450,2026-10-04
D1407,7380822,2026-09-26
D1407,7380859,2026-09-25
D1407,7381286,2026-09-25
D1407,7384555,2026-09-25
D1407,7384759,2026-09-25
D1407,7385051,2026-09-25
D1407,7387768,2026-09-25
D1407,7389139,2026-09-25
D1407,7393832,2026-09-25
D1407,7394356,2026-09-25
D1407,7394403,2026-09-25
D1407,7394686,2026-09-25
D1407,7395371,2026-09-25
D1407,7395665,2026-09-25
D1407,7395984,2026-09-25
D1407,7396465,2026-09-25
D1407,7397119,2026-09-25
D1407,7397601,2026-09-25
D1407,7397880,2026-09-25
D1407,7397888,2026-09-25
D1407,7398090,2026-09-25
D1407,7398407,2026-10-04
D1407,7398438,2026-10-04
D1407,7398439,2026-10-04
D1407,7398531,2026-10-04
D1407,7398697,2026-10-04
D1407,7398698,2026-10-04
D1407,7398703,2026-10-04
D1407,7399995,2026-10-04
D1407,7400004,2026-10-04
D1407,7400304,2026-09-25
D1407,7402683,2026-09-26
D1407,7402841,2026-09-26
D1407,7402995,2026-09-26
D1407,7403657,2026-09-26
D1407,7403893,2026-09-26
D1407,7403915,2026-09-26
D1407,7403929,2026-10-03
D1407,7403932,2026-09-26
D1407,7404100,2026-09-26
D1407,7404282,2026-09-26
D1407,7405608,2026-09-26
D1407,7405705,2026-09-29
D1407,7405889,2026-09-26
D1407,7405890,2026-09-26
D1407,7405892,2026-09-26
D1407,7405930,2026-09-26
D1407,7405960,2026-09-26
D1407,7405961,2026-09-26
D1407,7406039,2026-09-26
D1407,7407033,2026-10-05
D1407,7422144,2026-10-04
D1407,7426817,2026-09-26
D1407,7427553,2026-09-26
D1407,7427686,2026-09-26
D1407,7427936,2026-09-26
D1407,7427946,2026-09-26
D1407,7428130,2026-09-26
D1407,7428506,2026-09-26
D1407,7428518,2026-09-26
D1407,7428529,2026-09-26
D1407,7428663,2026-09-26
D1407,7428770,2026-09-26
D1407,7428871,2026-09-26
D1407,7429014,2026-09-26
D1407,7429028,2026-09-26
D1407,7429213,2026-09-26
D1407,7429609,2026-09-26
D1407,7429746,2026-09-26
D1407,7429891,2026-09-26
D1407,7430440,2026-09-26
D1407,7430441,2026-09-26
D1407,7430474,2026-09-26
D1407,7431070,2026-10-04
D1407,7431074,2026-10-04
D1407,7431335,2026-10-04
D1407,7431347,2026-10-04
D1407,7433711,2026-09-27
D1407,7451037,2026-09-27
D1407,7451055,2026-09-27
D1407,7451087,2026-09-27
D1407,7453891,2026-09-28
D1407,7462343,2026-09-30
D1407,7462550,2026-09-28
D1407,7462610,2026-09-28
D1407,7462649,2026-09-28
D1407,7464041,2026-09-28
D1407,7465028,2026-09-28
D1407,7465430,2026-09-28
D1407,7466972,2026-09-28
D1407,7467042,2026-09-28
D1407,7467146,2026-09-28
D1407,7467147,2026-09-28
D1407,7467205,2026-09-28
D1407,7467312,2026-09-28
D1407,7467416,2026-09-28
D1407,7467601,2026-09-29
D1407,7470965,2026-10-04
D1407,7470978,2026-10-04
D1407,7471138,2026-09-28
D1407,7471143,2026-09-28
D1407,7471374,2026-09-28
D1407,7471608,2026-10-04
D1407,7471669,2026-09-28
D1407,7471683,2026-09-28
D1407,7471799,2026-09-28
D1407,7472722,2026-09-29
D1407,7473392,2026-09-29
D1407,7474464,2026-09-29
D1407,7474987,2026-09-29
D1407,7475214,2026-10-01
D1407,7476614,2026-09-29
D1407,7476657,2026-09-29
D1407,7477715,2026-09-29
D1407,7477759,2026-09-29
D1407,7477982,2026-10-02
D1407,7477983,2026-09-29
D1407,7478035,2026-09-29
D1407,7478611,2026-10-05
D1407,7478805,2026-09-29
D1407,7479598,2026-09-29
D1407,7479604,2026-09-29
D1407,7490071,2026-09-29
D1407,7490350,2026-09-29
D1407,7490368,2026-09-29
D1407,7490450,2026-09-29
D1407,7490627,2026-09-29
D1407,7492155,2026-09-29
D1407,7492655,2026-09-29
D1407,7493060,2026-09-29
D1407,7493080,2026-09-29
D1407,7493232,2026-09-29
D1407,7493360,2026-09-29
D1407,7493361,2026-09-29
D1407,7493424,2026-09-29
D1407,7493622,2026-09-29
D1407,7493886,2026-09-29
D1407,7493890,2026-09-29
D1407,7493936,2026-09-29
D1407,7494050,2026-09-29
D1407,7494058,2026-09-29
D1407,7494060,2026-09-29
D1407,7494144,2026-09-29
D1407,7494251,2026-09-29
D1407,7494848,2026-10-04
D1407,7495505,2026-10-04
D1407,7495532,2026-10-04
D1407,7495768,2026-09-29
D1407,7496239,2026-09-30
D1407,7496322,2026-09-30
D1407,7497414,2026-10-04
D1407,7497981,2026-09-30
D1407,7498857,2026-09-30
D1407,7498882,2026-09-30
D1407,7514128,2026-10-01
D1407,7514130,2026-10-01
D1407,7514145,2026-10-01
D1407,7515093,2026-09-30
D1407,7515156,2026-09-30
D1407,7519177,2026-09-30
D1407,7520781,2026-09-30
D1407,7520855,2026-10-01
D1407,7528471,2026-09-30
D1407,7528494,2026-09-30
D1407,7528514,2026-09-30
D1407,7528522,2026-09-30
D1407,7528527,2026-09-30
D1407,7528589,2026-09-30
D1407,7528591,2026-09-30
D1407,7528685,2026-09-30
D1407,7528704,2026-09-30
D1407,7528738,2026-09-30
D1407,7528744,2026-09-30
D1407,7528750,2026-09-30
D1407,7528830,2026-09-30
D1407,7528869,2026-09-30
D1407,7528871,2026-09-30
D1407,7529374,2026-10-01
D1407,7529813,2026-09-30
D1407,7529952,2026-09-30
D1407,7530359,2026-09-30
D1407,7530711,2026-09-30
D1407,7531000,2026-09-30
D1407,7531122,2026-09-30
D1407,7531645,2026-09-30
D1407,7531686,2026-09-30
D1407,7531695,2026-09-30
D1407,7532635,2026-09-30
D1407,7532683,2026-09-30
D1407,7532689,2026-09-30
D1407,7534638,2026-10-04
D1407,7535262,2026-10-01
D1407,7535707,2026-10-01
D1407,7536978,2026-10-01
D1407,7536979,2026-10-01
D1407,7536980,2026-10-01
D1407,7538538,2026-10-01
D1407,7538757,2026-10-01
D1407,7538866,2026-10-01
D1407,7539650,2026-10-01
D1407,7551519,2026-10-01
D1407,7553417,2026-10-04
D1407,7554094,2026-10-01
D1407,7559696,2026-10-01
D1407,7559720,2026-10-01
D1407,7559721,2026-10-01
D1407,7559869,2026-10-01
D1407,7559910,2026-10-01
D1407,7560065,2026-10-01
D1407,7560104,2026-10-01
D1407,7560131,2026-10-01
D1407,7560946,2026-10-01
D1407,7561187,2026-10-01
D1407,7561391,2026-10-01
D1407,7561779,2026-10-01
D1407,7561840,2026-10-01
D1407,7562305,2026-10-01
D1407,7564608,2026-10-04
D1407,7565235,2026-10-04
D1407,7565236,2026-10-04
D1407,7565272,2026-10-04
D1407,7565273,2026-10-04
D1407,7565940,2026-10-01
D1407,7566064,2026-10-01
D1407,7567516,2026-10-02
D1407,7567996,2026-10-02
D1407,7570154,2026-10-02
D1407,7571265,2026-10-02
D1407,7571322,2026-10-02
D1407,7571329,2026-10-02
D1407,7571617,2026-10-02
D1407,7571720,2026-10-02
D1407,7571971,2026-10-02
D1407,7572192,2026-10-02
D1407,7572263,2026-10-02
D1407,7572283,2026-10-02
D1407,7572303,2026-10-02
D1407,7572478,2026-10-02
D1407,7572527,2026-10-02
D1407,7572556,2026-10-02
D1407,7572774,2026-10-02
D1407,7572806,2026-10-02
D1407,7572854,2026-10-02
D1407,7572939,2026-10-03
D1407,7572952,2026-10-02
D1407,7572977,2026-10-02
D1407,7585299,2026-10-02
D1407,7585326,2026-10-02
D1407,7586868,2026-10-02
D1407,7586879,2026-10-02
D1407,7586887,2026-10-02
D1407,7586891,2026-10-02
D1407,7586894,2026-10-02
D1407,7587007,2026-10-02
D1407,7587014,2026-10-02
D1407,7587119,2026-10-03
D1407,7588723,2026-10-02
D1407,7589036,2026-10-02
D1407,7595100,2026-10-02
D1407,7595119,2026-10-02
D1407,7595447,2026-10-02
D1407,7595656,2026-10-02
D1407,7595858,2026-10-02
D1407,7596184,2026-10-02
D1407,7597134,2026-10-02
D1407,7597140,2026-10-02
D1407,7597151,2026-10-02
D1407,7597334,2026-10-02
D1407,7597646,2026-10-02
D1407,7597801,2026-10-02
D1407,7597925,2026-10-02
D1407,7598047,2026-10-02
D1407,7598059,2026-10-02
D1407,7598060,2026-10-02
D1407,7599154,2026-10-02
D1407,7600546,2026-10-02
D1407,7600629,2026-10-02
D1407,7600671,2026-10-02
D1407,7601150,2026-10-03
D1407,7601253,2026-10-03
D1407,7601278,2026-10-03
D1407,7601307,2026-10-03
D1407,7601314,2026-10-03
D1407,7602939,2026-10-03
D1407,7603216,2026-10-03
D1407,7603231,2026-10-03
D1407,7603233,2026-10-03
D1407,7603267,2026-10-03
D1407,7603288,2026-10-03
D1407,7603294,2026-10-03
D1407,7603985,2026-10-03
D1407,7604114,2026-10-03
D1407,7604365,2026-10-03
D1407,7604528,2026-10-03
D1407,7604550,2026-10-03
D1407,7604588,2026-10-03
D1407,7604598,2026-10-03
D1407,7605337,2026-10-05
D1407,7605388,2026-10-03
D1407,7605394,2026-10-03
D1407,7605418,2026-10-03
D1407,7623083,2026-10-03
D1407,7624654,2026-10-04
D1407,7625065,2026-10-03
D1407,7625076,2026-10-03
D1407,7625113,2026-10-03
D1407,7626402,2026-10-03
D1407,7626528,2026-10-03
D1407,7626569,2026-10-03
D1407,7630468,2026-10-03
D1407,7630573,2026-10-03
D1407,7632120,2026-10-03
D1407,7632376,2026-10-03
D1407,7632420,2026-10-03
D1407,7633126,2026-10-03
D1407,7633423,2026-10-03
D1407,7633510,2026-10-03
D1407,7633924,2026-10-03
D1407,7634007,2026-10-03
D1407,7634452,2026-10-03
D1407,7634676,2026-10-03
D1407,7634818,2026-10-03
D1407,7635531,2026-10-04
D1407,7635551,2026-10-04
D1407,7635999,2026-10-03
D1407,7636124,2026-10-04
D1407,7636384,2026-10-04
D1407,7636616,2026-10-04
D1407,7655844,2026-10-04
D1407,7656118,2026-10-04
D1407,7656138,2026-10-04
D1407,7656140,2026-10-04
D1407,7656825,2026-10-04
D1407,7656844,2026-10-04
D1407,7657829,2026-10-05
D1407,7657879,2026-10-05
D1407,7658210,2026-10-05
D1408,1257335,2026-09-29
D1408,1281509,2026-07-27
D1408,1492499,2026-07-21
D1408,209DLPN,2026-10-02
D1408,209JBWL,2026-09-16
D1408,209XLPP,2026-07-17
D1408,210RTRF,2026-10-02
D1408,210VCHS,2026-09-30
D1408,211SNNJ,2026-09-29
D1408,211VKYW,2026-09-28
D1408,211ZMMT,2026-09-30
D1408,212LFSF,2026-09-30
D1408,212TKMB,2026-09-15
D1408,212XKQZ,2026-09-15
D1408,212YFPN,2026-09-28
D1408,212ZMDD,2026-09-22
D1408,212ZWDC,2026-09-16
D1408,2139008,2026-09-21
D1408,2139049,2026-09-21
D1408,213BYYL,2026-09-28
D1408,213CSCZ,2026-10-02
D1408,213FPWC,2026-10-01
D1408,213FTCB,2026-09-24
D1408,213GHYV,2026-09-21
D1408,213HBJW,2026-09-21
D1408,213JHYL,2026-09-28
D1408,213JLXW,2026-09-28
D1408,213JMHD,2026-09-28
D1408,213JRZP,2026-10-02
D1408,213JVTL,2026-10-01
D1408,213KFYJ,2026-09-29
D1408,213KHMB,2026-10-02
D1408,213LFZX,2026-09-28
D1408,213LNNY,2026-09-07
D1408,213LRSR,2026-09-07
D1408,213MCXF,2026-09-21
D1408,213MDFL,2026-09-18
D1408,213MMKK,2026-09-29
D1408,213MSTY,2026-09-08
D1408,213MZWT,2026-09-08
D1408,213NBHS,2026-09-08
D1408,213NCQG,2026-09-29
D1408,213NJNZ,2026-09-28
D1408,213NRRP,2026-10-01
D1408,213NSMB,2026-09-24
D1408,213PBHH,2026-09-24
D1408,213PDTC,2026-10-01
D1408,213PDZK,2026-09-25
D1408,213PFDM,2026-09-25
D1408,213PFJH,2026-10-02
D1408,213PFKY,2026-10-02
D1408,213PLBT,2026-09-24
D1408,213PLYW,2026-09-22
D1408,213PLZZ,2026-09-24
D1408,213PMKP,2026-09-09
D1408,213PNXG,2026-09-09
D1408,213PVQX,2026-09-23
D1408,213QBRC,2026-09-27
D1408,213QTMX,2026-09-17
D1408,213QVZF,2026-09-14
D1408,213QXMR,2026-09-29
D1408,213RFGC,2026-09-30
D1408,213RMPY,2026-09-21
D1408,213RRSR,2026-09-10
D1408,213RTLY,2026-10-02
D1408,213RWSC,2026-10-02
D1408,213RXKJ,2026-09-15
D1408,213RXXC,2026-09-16
D1408,213TBVX,2026-09-11
D1408,213TNWD,2026-09-14
D1408,213TPTM,2026-09-29
D1408,213TPTW,2026-09-30
D1408,213TWWV,2026-09-14
D1408,213VLSV,2026-09-30
D1408,213VLSW,2026-09-30
D1408,213VQRZ,2026-09-29
D1408,213VRMD,2026-09-14
D1408,213VRSY,2026-10-01
D1408,213VTLT,2026-09-14
D1408,213VTPP,2026-10-02
D1408,213VTYM,2026-09-14
D1408,213VWYB,2026-09-30
D1408,213VXQQ,2026-09-14
D1408,213VYNV,2026-09-30
D1408,213WDDC,2026-10-02
D1408,213WKDV,2026-09-28
D1408,213WRWT,2026-09-30
D1408,213XBLZ,2026-10-02
D1408,213XDVT,2026-10-01
D1408,213XFPD,2026-09-15
D1408,213XGJK,2026-09-28
D1408,213XKKS,2026-09-16
D1408,213XKWN,2026-10-02
D1408,213XLQV,2026-09-22
D1408,213XRCZ,2026-09-29
D1408,213XTQR,2026-09-24
D1408,213XVTJ,2026-09-16
D1408,213XXLV,2026-09-16
D1408,213YDGF,2026-10-02
D1408,213YFHM,2026-09-16
D1408,213YGYX,2026-09-25
D1408,213YHJZ,2026-09-16
D1408,213YJHN,2026-10-02
D1408,213YPMM,2026-10-02
D1408,213YPRY,2026-09-17
D1408,213YPXS,2026-09-28
D1408,213YVPN,2026-09-17
D1408,213YXDY,2026-09-16
D1408,213ZHMF,2026-09-17
D1408,213ZJRT,2026-10-03
D1408,213ZXRZ,2026-09-18
D1408,214BDBC,2026-09-25
D1408,214BHQM,2026-09-22
D1408,214BKKT,2026-09-17
D1408,214BPDK,2026-09-29
D1408,214CBYP,2026-09-18
D1408,214CHZY,2026-10-02
D1408,214CNMV,2026-09-29
D1408,214CNVY,2026-09-21
D1408,214CPBS,2026-09-21
D1408,214CSBL,2026-10-04
D1408,214CTBN,2026-09-21
D1408,214CYSC,2026-09-21
D1408,214DCBD,2026-09-21
D1408,214DCZG,2026-09-30
D1408,214DJXG,2026-09-25
D1408,214DJYR,2026-09-21
D1408,214DJZZ,2026-10-01
D1408,214DKNK,2026-10-01
D1408,214DPQX,2026-09-24
D1408,214DPSR,2026-09-24
D1408,214DTTK,2026-09-21
D1408,214DYXP,2026-09-22
D1408,214DZSS,2026-10-02
D1408,214FCDZ,2026-09-21
D1408,214FFBJ,2026-09-30
D1408,214FHZQ,2026-09-22
D1408,214FJGL,2026-09-22
D1408,214FJSK,2026-09-22
D1408,214FPHY,2026-09-23
D1408,214FPLC,2026-09-23
D1408,214FSCS,2026-09-22
D1408,214FSGW,2026-09-22
D1408,214FVNF,2026-09-25
D1408,214FWTR,2026-09-22
D1408,214FYFB,2026-09-30
D1408,214FYSS,2026-09-22
D1408,214GHRQ,2026-10-01
D1408,214GHVM,2026-09-24
D1408,214GHXZ,2026-09-22
D1408,214GJYS,2026-09-23
D1408,214GKVZ,2026-10-02
D1408,214GQNB,2026-09-23
D1408,214GQNC,2026-09-23
D1408,214GRGF,2026-09-23
D1408,214GTDG,2026-09-24
D1408,214GZBX,2026-09-23
D1408,214HBVQ,2026-09-23
D1408,214HCND,2026-09-23
D1408,214HDMF,2026-09-23
D1408,214HFKY,2026-09-23
D1408,214HJDS,2026-09-23
D1408,214HKNF,2026-09-23
D1408,214HLNB,2026-09-23
D1408,214HRKQ,2026-09-23
D1408,214HTBX,2026-09-24
D1408,214HTPF,2026-09-25
D1408,214JBYQ,2026-10-01
D1408,214JDHS,2026-09-25
D1408,214JFDQ,2026-09-25
D1408,214JGDY,2026-09-25
D1408,214JGHM,2026-09-24
D1408,214JMCH,2026-09-25
D1408,214JMTL,2026-09-25
D1408,214JQRG,2026-09-24
D1408,214JRVX,2026-09-25
D1408,214KBTT,2026-09-25
D1408,214KHBD,2026-09-29
D1408,214KHCD,2026-09-25
D1408,214KKRJ,2026-09-25
D1408,214KLKY,2026-09-25
D1408,214KPMN,2026-10-02
D1408,214KQNC,2026-09-25
D1408,214KSMP,2026-10-01
D1408,214KWKL,2026-09-25
D1408,214LGLF,2026-09-29
D1408,214LGVR,2026-09-29
D1408,214LHZY,2026-09-29
D1408,214LJSN,2026-09-28
D1408,214LMPS,2026-09-28
D1408,214LRNZ,2026-09-28
D1408,214LTGG,2026-09-28
D1408,214LWBM,2026-09-30
D1408,214LXBM,2026-09-28
D1408,214LYJV,2026-09-28
D1408,214LZBW,2026-09-29
D1408,214MBVR,2026-10-02
D1408,214MGHS,2026-09-28
D1408,214MHWR,2026-09-28
D1408,214MJGQ,2026-09-28
D1408,214MLKT,2026-09-28
D1408,214MMTV,2026-09-29
D1408,214MMZT,2026-10-01
D1408,214MNBD,2026-09-28
D1408,214MQYB,2026-09-28
D1408,214MSQW,2026-09-28
D1408,214MSZF,2026-09-29
D1408,214MTBP,2026-09-29
D1408,214MWGF,2026-09-29
D1408,214MXBL,2026-09-28
D1408,214NCLC,2026-09-29
D1408,214NFGK,2026-09-29
D1408,214NFGM,2026-09-29
D1408,214NFQV,2026-09-30
D1408,214NFWH,2026-09-29
D1408,214NGJH,2026-09-29
D1408,214NJXG,2026-09-29
D1408,214NMXV,2026-09-29
D1408,214NNXM,2026-09-30
D1408,214NPZR,2026-10-01
D1408,214NQWP,2026-09-30
D1408,214NTHJ,2026-09-30
D1408,214NTYR,2026-09-29
D1408,214NWLS,2026-09-29
D1408,214NWTK,2026-09-29
D1408,214NWZY,2026-09-30
D1408,214NYJX,2026-10-01
D1408,214NYKX,2026-10-01
D1408,214NZRN,2026-10-01
D1408,214NZTF,2026-09-30
D1408,214PQXK,2026-09-30
D1408,214PTTR,2026-09-30
D1408,214PVHJ,2026-10-01
D1408,214PVVT,2026-10-01
D1408,214PWBM,2026-09-30
D1408,214PWGD,2026-09-30
D1408,214PYQX,2026-09-30
D1408,214QBNP,2026-09-30
D1408,214QGZN,2026-09-30
D1408,214QHNL,2026-10-01
D1408,214QJRZ,2026-10-01
D1408,214QKDP,2026-10-01
D1408,214QKGK,2026-09-30
D1408,214QKLR,2026-10-01
D1408,214QKRQ,2026-10-02
D1408,214QMXB,2026-10-02
D1408,214QMYK,2026-10-01
D1408,214QPRH,2026-10-01
D1408,214QSSX,2026-10-01
D1408,214QTYC,2026-10-01
D1408,214QVTL,2026-10-02
D1408,214QWVQ,2026-10-02
D1408,214QZBL,2026-10-01
D1408,214QZZQ,2026-10-02
D1408,214RFRW,2026-10-02
D1408,214RHCP,2026-10-04
D1408,214RHHB,2026-10-02
D1408,214RHZB,2026-10-01
D1408,214RJRP,2026-10-01
D1408,214RLJG,2026-10-02
D1408,214RLTL,2026-10-02
D1408,214RQKB,2026-10-02
D1408,214RRHJ,2026-10-02
D1408,214RSWD,2026-10-02
D1408,214RTCM,2026-10-02
D1408,214RWBQ,2026-10-02
D1408,214RWKY,2026-10-02
D1408,214RYBH,2026-10-02
D1408,214RYJK,2026-10-02
D1408,214RZCF,2026-10-02
D1408,214RZZP,2026-10-02
D1408,214SCFR,2026-10-03
D1408,214SFJN,2026-10-02
D1408,214SFPL,2026-10-02
D1408,214SFQL,2026-10-02
D1408,214SGNT,2026-10-02
D1408,214SLTY,2026-10-02
D1408,214SMVV,2026-10-02
D1408,214SNJT,2026-10-02
D1408,214SNRK,2026-10-02
D1408,214SPPL,2026-10-02
D1408,214SPWS,2026-10-02
D1408,214SPXX,2026-10-02
D1408,214SQST,2026-10-02
D1408,214SRFV,2026-10-02
D1408,214SSMB,2026-10-03
D1408,3323748,2026-09-25
D1408,3323864,2026-09-25
D1408,3718129,2026-08-08
D1408,3718666,2026-08-08
D1408,3719492,2026-08-08
D1408,3836977,2026-09-21
D1408,4049955,2026-09-15
D1408,4221865,2026-09-24
D1408,4295796,2026-08-31
D1408,4317512,2026-09-21
D1408,4318552,2026-09-15
D1408,4319005,2026-09-21
D1408,4319394,2026-07-25
D1408,4322404,2026-09-21
D1408,4430332,2026-09-09
D1408,4430338,2026-07-07
D1408,4633089,2026-09-15
D1408,4708818,2026-08-09
D1408,4790449,2026-09-08
D1408,4871539,2026-07-22
D1408,4876321,2026-07-21
D1408,4927914,2026-09-02
D1408,5048215,2026-09-19
D1408,5081821,2026-07-22
D1408,5119199,2026-09-26
D1408,5131340,2026-09-11
D1408,5170864,2026-07-20
D1408,5217395,2026-08-25
D1408,5340921,2026-07-22
D1408,5343646,2026-07-22
D1408,5356922,2026-08-21
D1408,5361864,2026-08-31
D1408,5392461,2026-07-23
D1408,5401664,2026-09-20
D1408,5477636,2026-07-26
D1408,5481167,2026-10-05
D1408,5506167,2026-09-29
D1408,5563219,2026-08-25
D1408,5622020,2026-07-31
D1408,5629065,2026-07-31
D1408,5629219,2026-09-04
D1408,5637054,2026-08-07
D1408,5705984,2026-08-05
D1408,5741569,2026-08-06
D1408,5792082,2026-09-02
D1408,5827802,2026-08-07
D1408,5853505,2026-08-12
D1408,5878178,2026-08-11
D1408,5933789,2026-08-12
D1408,5955621,2026-08-13
D1408,5973728,2026-09-23
D1408,5989690,2026-08-14
D1408,6006188,2026-09-23
D1408,6079404,2026-08-20
D1408,6154541,2026-09-23
D1408,6154746,2026-08-21
D1408,6154782,2026-08-21
D1408,6187937,2026-09-23
D1408,6206232,2026-08-22
D1408,6242547,2026-10-05
D1408,6269609,2026-08-25
D1408,6270544,2026-09-11
D1408,6283692,2026-09-08
D1408,6284051,2026-08-26
D1408,6306329,2026-08-28
D1408,6346536,2026-08-27
D1408,6358661,2026-08-28
D1408,6393492,2026-08-28
D1408,6395477,2026-10-02
D1408,6399793,2026-09-30
D1408,6419896,2026-08-29
D1408,6444874,2026-08-31
D1408,6475020,2026-09-23
D1408,6478435,2026-09-01
D1408,6498874,2026-09-01
D1408,6501479,2026-09-24
D1408,6511058,2026-09-02
D1408,6523189,2026-09-02
D1408,6536306,2026-10-02
D1408,6577534,2026-09-03
D1408,6596488,2026-09-04
D1408,6596521,2026-09-08
D1408,6598541,2026-09-04
D1408,6627902,2026-09-29
D1408,6630684,2026-09-04
D1408,6636060,2026-09-04
D1408,6641634,2026-10-04
D1408,6671816,2026-09-05
D1408,6692432,2026-09-08
D1408,6692449,2026-09-08
D1408,6692453,2026-09-08
D1408,6692454,2026-09-08
D1408,6692465,2026-09-08
D1408,6692467,2026-09-08
D1408,6692473,2026-09-08
D1408,6692475,2026-09-08
D1408,6692476,2026-09-08
D1408,6692609,2026-09-08
D1408,6697292,2026-09-07
D1408,6703071,2026-10-01
D1408,6704199,2026-10-01
D1408,6706097,2026-09-08
D1408,6706126,2026-09-26
D1408,6706128,2026-09-08
D1408,6711191,2026-09-08
D1408,6727694,2026-09-08
D1408,6729860,2026-09-11
D1408,6732847,2026-09-08
D1408,6740631,2026-10-02
D1408,6741482,2026-09-21
D1408,6744387,2026-10-02
D1408,6747804,2026-09-23
D1408,6747910,2026-09-23
D1408,6747979,2026-09-09
D1408,6748027,2026-09-09
D1408,6748029,2026-09-09
D1408,6748060,2026-09-09
D1408,6748083,2026-09-09
D1408,6748102,2026-09-09
D1408,6748206,2026-09-09
D1408,6748221,2026-09-23
D1408,6748249,2026-09-09
D1408,6748667,2026-10-05
D1408,6766892,2026-09-09
D1408,6767681,2026-09-09
D1408,6774799,2026-10-01
D1408,6775664,2026-09-09
D1408,6802217,2026-09-30
D1408,6808900,2026-09-26
D1408,6822798,2026-09-11
D1408,6828884,2026-10-01
D1408,6829116,2026-09-11
D1408,6829163,2026-09-11
D1408,6830681,2026-09-11
D1408,6830697,2026-09-30
D1408,6858672,2026-09-13
D1408,6862992,2026-09-15
D1408,6862998,2026-09-15
D1408,6863018,2026-09-15
D1408,6863023,2026-09-15
D1408,6863032,2026-09-15
D1408,6863087,2026-09-15
D1408,6863109,2026-09-15
D1408,6863110,2026-09-15
D1408,6863140,2026-09-15
D1408,6865270,2026-09-14
D1408,6865293,2026-09-14
D1408,6884419,2026-10-05
D1408,6899940,2026-09-15
D1408,6907656,2026-09-15
D1408,6969408,2026-09-18
D1408,6991951,2026-09-18
D1408,6995698,2026-09-18
D1408,6997049,2026-09-18
D1408,7000401,2026-09-18
D1408,7001003,2026-09-18
D1408,7003541,2026-09-18
D1408,7005256,2026-09-18
D1408,7006741,2026-09-18
D1408,7006747,2026-09-18
D1408,7014596,2026-09-19
D1408,7043380,2026-09-20
D1408,7043662,2026-09-20
D1408,7052868,2026-09-22
D1408,7058005,2026-09-21
D1408,7058094,2026-09-22
D1408,7066794,2026-09-21
D1408,7096473,2026-09-22
D1408,7099579,2026-09-22
D1408,7110566,2026-09-23
D1408,7112713,2026-09-23
D1408,7112737,2026-09-23
D1408,7112960,2026-09-23
D1408,7113101,2026-09-23
D1408,7113337,2026-09-23
D1408,7113580,2026-09-23
D1408,7113679,2026-09-23
D1408,7113906,2026-09-23
D1408,7113963,2026-09-23
D1408,7113998,2026-09-23
D1408,7114040,2026-09-23
D1408,7114405,2026-09-23
D1408,7114611,2026-09-23
D1408,7114723,2026-09-23
D1408,7114733,2026-09-23
D1408,7114793,2026-09-23
D1408,7114805,2026-09-23
D1408,7114862,2026-09-23
D1408,7115513,2026-09-23
D1408,7115689,2026-09-23
D1408,7115697,2026-09-25
D1408,7115774,2026-09-23
D1408,7115808,2026-09-23
D1408,7117794,2026-09-23
D1408,7135358,2026-09-23
D1408,7137680,2026-09-23
D1408,7138007,2026-09-23
D1408,7148096,2026-09-23
D1408,7148841,2026-09-23
D1408,7152331,2026-09-24
D1408,7155507,2026-09-24
D1408,7155508,2026-09-26
D1408,7155536,2026-09-24
D1408,7155587,2026-09-24
D1408,7155740,2026-09-24
D1408,7155839,2026-09-24
D1408,7155928,2026-09-24
D1408,7155959,2026-09-24
D1408,7166398,2026-09-24
D1408,7168445,2026-09-24
D1408,7169458,2026-09-24
D1408,7169494,2026-09-24
D1408,7347175,2026-09-25
D1408,7347182,2026-09-25
D1408,7347193,2026-09-25
D1408,7347205,2026-09-25
D1408,7347220,2026-09-25
D1408,7347257,2026-09-25
D1408,7347303,2026-09-25
D1408,7348348,2026-10-04
D1408,7348886,2026-09-25
D1408,7349300,2026-09-25
D1408,7351661,2026-09-25
D1408,7352343,2026-09-25
D1408,7352354,2026-09-25
D1408,7352522,2026-09-25
D1408,7352559,2026-09-25
D1408,7352580,2026-09-25
D1408,7352679,2026-09-25
D1408,7352804,2026-09-26
D1408,7388249,2026-09-25
D1408,7388305,2026-09-25
D1408,7388490,2026-09-25
D1408,7395365,2026-09-25
D1408,7397564,2026-09-25
D1408,7397643,2026-09-25
D1408,7397645,2026-09-25
D1408,7397648,2026-09-25
D1408,7397900,2026-09-25
D1408,7398543,2026-10-04
D1408,7400940,2026-09-26
D1408,7402177,2026-10-01
D1408,7403190,2026-09-26
D1408,7403191,2026-10-01
D1408,7403261,2026-09-26
D1408,7405143,2026-09-26
D1408,7405657,2026-09-26
D1408,7405694,2026-09-26
D1408,7405695,2026-09-26
D1408,7405735,2026-09-26
D1408,7405739,2026-09-26
D1408,7405878,2026-09-26
D1408,7405914,2026-09-26
D1408,7407056,2026-09-26
D1408,7420500,2026-09-26
D1408,7425186,2026-09-26
D1408,7425975,2026-09-26
D1408,7425996,2026-09-26
D1408,7426125,2026-09-26
D1408,7426525,2026-09-27
D1408,7427475,2026-09-26
D1408,7427518,2026-09-26
D1408,7427578,2026-09-26
D1408,7427594,2026-09-26
D1408,7427863,2026-09-26
D1408,7427898,2026-09-26
D1408,7428170,2026-09-26
D1408,7428804,2026-09-26
D1408,7430822,2026-10-04
D1408,7432870,2026-10-02
D1408,7450840,2026-09-27
D1408,7450841,2026-09-27
D1408,7462234,2026-09-28
D1408,7462605,2026-09-28
D1408,7462833,2026-09-28
D1408,7462880,2026-09-28
D1408,7463351,2026-09-28
D1408,7463819,2026-09-28
D1408,7472692,2026-09-29
D1408,7475298,2026-09-29
D1408,7476419,2026-09-29
D1408,7477548,2026-09-29
D1408,7477550,2026-09-29
D1408,7477642,2026-09-29
D1408,7477651,2026-09-29
D1408,7477656,2026-09-29
D1408,7477721,2026-09-29
D1408,7477745,2026-09-29
D1408,7477753,2026-09-29
D1408,7477984,2026-09-29
D1408,7478794,2026-09-29
D1408,7478802,2026-09-29
D1408,7491233,2026-09-29
D1408,7491393,2026-09-29
D1408,7491798,2026-09-29
D1408,7492024,2026-09-29
D1408,7492918,2026-09-29
D1408,7493403,2026-09-29
D1408,7493934,2026-09-29
D1408,7496199,2026-09-30
D1408,7496674,2026-09-30
D1408,7497482,2026-09-30
D1408,7497744,2026-09-30
D1408,7497765,2026-09-30
D1408,7497899,2026-09-30
D1408,7497953,2026-09-30
D1408,7497975,2026-09-30
D1408,7499969,2026-09-30
D1408,7517507,2026-09-30
D1408,7518363,2026-09-30
D1408,7518764,2026-09-30
D1408,7520939,2026-09-30
D1408,7521128,2026-09-30
D1408,7522037,2026-09-30
D1408,7522042,2026-09-30
D1408,7522170,2026-09-30
D1408,7522344,2026-09-30
D1408,7528957,2026-10-01
D1408,7529496,2026-09-30
D1408,7529857,2026-09-30
D1408,7530799,2026-09-30
D1408,7531560,2026-09-30
D1408,7531793,2026-09-30
D1408,7532437,2026-09-30
D1408,7534055,2026-09-30
D1408,7534146,2026-09-30
D1408,7534276,2026-09-30
D1408,7535189,2026-10-01
D1408,7535241,2026-10-01
D1408,7536492,2026-10-01
D1408,7537691,2026-10-01
D1408,7556149,2026-10-01
D1408,7558212,2026-10-01
D1408,7558252,2026-10-01
D1408,7558253,2026-10-01
D1408,7558470,2026-10-01
D1408,7558545,2026-10-01
D1408,7564854,2026-10-01
D1408,7565032,2026-10-01
D1408,7565222,2026-10-01
D1408,7566426,2026-10-01
D1408,7566512,2026-10-01
D1408,7569700,2026-10-05
D1408,7570405,2026-10-02
D1408,7570631,2026-10-05
D1408,7571667,2026-10-02
D1408,7571987,2026-10-02
D1408,7572002,2026-10-02
D1408,7572127,2026-10-02
D1408,7572246,2026-10-02
D1408,7572341,2026-10-02
D1408,7572557,2026-10-02
D1408,7572703,2026-10-02
D1408,7572733,2026-10-02
D1408,7577325,2026-10-02
D1408,7590022,2026-10-02
D1408,7590040,2026-10-02
D1408,7595047,2026-10-02
D1408,7596540,2026-10-02
D1408,7598864,2026-10-02
D1408,7599338,2026-10-04
D1408,7600461,2026-10-02
D1408,7603478,2026-10-03
D1408,7603997,2026-10-03
D1408,7604121,2026-10-03
D1408,7604123,2026-10-03
D1408,7604231,2026-10-03
D1408,7604485,2026-10-03
D1408,7622892,2026-10-03
D1408,7630177,2026-10-03
D1408,7630272,2026-10-03
D1408,7630281,2026-10-03
D1408,7630306,2026-10-03
D1408,7630903,2026-10-03
D1408,7631375,2026-10-03
D1408,7633728,2026-10-03
D1408,7635471,2026-10-03
D1408,7635834,2026-10-03
D1408,7635931,2026-10-03
D1408,7636771,2026-10-04
D1408,7639913,2026-10-04
D1408,7655949,2026-10-04
D1408,7656099,2026-10-04
D1408,7656327,2026-10-04
D1408,7656913,2026-10-04
M1701,2043771,2026-07-21
M1701,209MZGK,2026-10-01
M1701,211JWPS,2026-09-17
M1701,212DNFL,2026-09-23
M1701,212JBPM,2026-10-02
M1701,212QPRX,2026-09-16
M1701,212RVRG,2026-10-02
M1701,213MXNH,2026-09-30
M1701,213NHSL,2026-10-02
M1701,213PZFG,2026-09-16
M1701,213SGDV,2026-09-29
M1701,213VMQZ,2026-09-30
M1701,213XPGZ,2026-10-01
M1701,213XZCF,2026-10-02
M1701,213YBCQ,2026-09-16
M1701,213YBPX,2026-09-16
M1701,213YLBM,2026-10-02
M1701,213YVWC,2026-10-02
M1701,213YYDT,2026-10-01
M1701,213ZNMX,2026-10-03
M1701,213ZSXP,2026-09-30
M1701,214BGBP,2026-10-03
M1701,214BTPJ,2026-10-04
M1701,214CPQX,2026-09-22
M1701,214DDRX,2026-09-21
M1701,214DYJG,2026-09-22
M1701,214FKWF,2026-10-02
M1701,214FQRY,2026-09-22
M1701,214GJJN,2026-10-02
M1701,214GQPF,2026-10-01
M1701,214GWHS,2026-09-24
M1701,214HBMK,2026-09-23
M1701,214HWGJ,2026-09-24
M1701,214HZDH,2026-09-24
M1701,214JFVK,2026-09-25
M1701,214KLTH,2026-09-25
M1701,214KNPT,2026-09-29
M1701,214KRRD,2026-10-02
M1701,214LGSY,2026-09-25
M1701,214LYYM,2026-09-28
M1701,214MDNK,2026-09-28
M1701,214MJZP,2026-09-28
M1701,214MLWQ,2026-09-28
M1701,214MNHH,2026-09-28
M1701,214NJTQ,2026-09-29
M1701,214NNRS,2026-09-29
M1701,214PBSY,2026-09-30
M1701,214PQQC,2026-09-30
M1701,214PSGH,2026-10-01
M1701,214QCWQ,2026-09-30
M1701,214QJRT,2026-10-01
M1701,214QLQG,2026-10-02
M1701,214RBXQ,2026-10-01
M1701,214RCZX,2026-10-01
M1701,214RPKF,2026-10-02
M1701,214RWDF,2026-10-02
M1701,214RXNC,2026-10-02
M1701,214SCDY,2026-10-02
M1701,214SDHD,2026-10-02
M1701,214SMSK,2026-10-02
M1701,214SXTY,2026-10-03
M1701,214SYDD,2026-10-03
M1701,2377620,2026-09-21
M1701,2544231,2026-09-29
M1701,3599087,2026-07-07
M1701,3866214,2026-07-07
M1701,3866221,2026-07-07
M1701,4312583,2026-10-02
M1701,4443464,2026-08-26
M1701,4519950,2026-08-31
M1701,4521997,2026-07-07
M1701,4602412,2026-07-27
M1701,4631234,2026-07-07
M1701,4676319,2026-07-11
M1701,4733919,2026-09-05
M1701,4767285,2026-07-22
M1701,4794001,2026-08-28
M1701,5184645,2026-10-04
M1701,5351307,2026-08-25
M1701,5364685,2026-09-21
M1701,5384926,2026-08-25
M1701,5401485,2026-09-20
M1701,5440247,2026-08-11
M1701,5475814,2026-09-28
M1701,5492086,2026-10-01
M1701,5622493,2026-07-31
M1701,5654959,2026-10-04
M1701,5655110,2026-10-04
M1701,5665702,2026-08-01
M1701,5702330,2026-09-05
M1701,5702394,2026-09-06
M1701,5702420,2026-09-06
M1701,5718400,2026-08-31
M1701,5822294,2026-08-07
M1701,5887165,2026-09-11
M1701,6062354,2026-09-02
M1701,6122024,2026-09-18
M1701,6261215,2026-08-25
M1701,6264664,2026-08-25
M1701,6276046,2026-08-25
M1701,6276870,2026-08-25
M1701,6301412,2026-09-27
M1701,6301541,2026-09-27
M1701,6363883,2026-08-28
M1701,6395476,2026-10-02
M1701,6401471,2026-08-29
M1701,6433215,2026-08-30
M1701,6495779,2026-09-29
M1701,6495800,2026-09-29
M1701,6495927,2026-09-29
M1701,6495956,2026-09-29
M1701,6524934,2026-09-02
M1701,6525332,2026-09-02
M1701,6627721,2026-09-04
M1701,6627740,2026-09-04
M1701,6627895,2026-09-29
M1701,6627911,2026-09-04
M1701,6627973,2026-09-04
M1701,6627974,2026-09-04
M1701,6628047,2026-09-29
M1701,6628051,2026-09-29
M1701,6628073,2026-09-29
M1701,6628174,2026-09-29
M1701,6628212,2026-09-29
M1701,6628214,2026-09-29
M1701,6628217,2026-09-29
M1701,6637080,2026-09-05
M1701,6662548,2026-10-04
M1701,6666112,2026-09-05
M1701,6673169,2026-09-05
M1701,6698733,2026-09-08
M1701,6727633,2026-09-08
M1701,6735562,2026-10-04
M1701,6743435,2026-10-02
M1701,6751920,2026-09-11
M1701,6774350,2026-09-09
M1701,6775875,2026-09-09
M1701,6782227,2026-09-10
M1701,6797607,2026-09-10
M1701,6830263,2026-09-30
M1701,6907329,2026-10-02
M1701,6909242,2026-09-16
M1701,6927781,2026-09-16
M1701,6967898,2026-09-17
M1701,6969319,2026-09-18
M1701,7006060,2026-09-18
M1701,7012851,2026-09-23
M1701,7053442,2026-09-21
M1701,7053739,2026-09-21
M1701,7074574,2026-09-22
M1701,7096422,2026-09-22
M1701,7099402,2026-09-22
M1701,7099473,2026-09-22
M1701,7100495,2026-09-22
M1701,7102886,2026-09-22
M1701,7104563,2026-09-23
M1701,7104567,2026-09-23
M1701,7112221,2026-09-23
M1701,7112308,2026-09-23
M1701,7112428,2026-09-23
M1701,7115779,2026-09-23
M1701,7117507,2026-09-23
M1701,7117521,2026-09-23
M1701,7148060,2026-09-23
M1701,7149805,2026-09-23
M1701,7153453,2026-09-24
M1701,7154697,2026-09-24
M1701,7164735,2026-09-24
M1701,7166325,2026-09-24
M1701,7380857,2026-09-25
M1701,7387693,2026-09-25
M1701,7398272,2026-10-04
M1701,7402711,2026-09-26
M1701,7404940,2026-09-26
M1701,7422210,2026-09-26
M1701,7425569,2026-09-26
M1701,7427221,2026-09-26
M1701,7428044,2026-09-26
M1701,7433413,2026-09-27
M1701,7436186,2026-09-27
M1701,7452100,2026-09-27
M1701,7456698,2026-10-01
M1701,7456715,2026-10-01
M1701,7456737,2026-10-01
M1701,7467636,2026-09-29
M1701,7467642,2026-09-28
M1701,7467643,2026-10-01
M1701,7467770,2026-09-28
M1701,7467929,2026-09-28
M1701,7473595,2026-09-29
M1701,7474807,2026-10-04
M1701,7475160,2026-10-02
M1701,7475896,2026-09-29
M1701,7476810,2026-09-29
M1701,7496220,2026-09-30
M1701,7497653,2026-09-30
M1701,7497672,2026-09-30
M1701,7497741,2026-09-30
M1701,7497881,2026-09-30
M1701,7515514,2026-09-30
M1701,7520161,2026-09-30
M1701,7530018,2026-09-30
M1701,7534688,2026-09-30
M1701,7535730,2026-10-01
M1701,7551538,2026-10-01
M1701,7557995,2026-10-01
M1701,7566342,2026-10-01
M1701,7567576,2026-10-02
M1701,7604310,2026-10-03
M1701,7623072,2026-10-03
M1701,7631300,2026-10-03
M1701,7633528,2026-10-03
M1701,7633767,2026-10-03
M1701,7637043,2026-10-04
M1701,7637236,2026-10-04
M1701,7637372,2026-10-04
M1701,7637380,2026-10-04
M1701,7637404,2026-10-04
M1701,7637405,2026-10-04
M1701,7637409,2026-10-04
M1701,7637414,2026-10-04
M1701,7639708,2026-10-04
M1701,7656890,2026-10-04
M1704,1326741,2026-09-23
M1704,1698451,2026-09-29
M1704,205WTYH,2026-09-21
M1704,210CWBH,2026-10-02
M1704,210NPRW,2026-09-10
M1704,210YCXX,2026-07-16
M1704,211LMVY,2026-09-18
M1704,211TRHX,2026-09-23
M1704,211TTPD,2026-09-25
M1704,211WPPW,2026-09-17
M1704,211XNNV,2026-10-01
M1704,212MVRY,2026-09-30
M1704,212YVCN,2026-09-28
M1704,212YVCW,2026-09-28
M1704,212ZDPP,2026-09-12
M1704,213DVPQ,2026-10-04
M1704,213JKKM,2026-10-02
M1704,213JTRN,2026-09-28
M1704,213KWDX,2026-10-01
M1704,213MJNB,2026-09-25
M1704,213MSSF,2026-09-07
M1704,213NYNR,2026-09-08
M1704,213PGXR,2026-09-29
M1704,213PNPY,2026-09-24
M1704,213PYLP,2026-09-11
M1704,213PZRN,2026-09-25
M1704,213RDJH,2026-10-02
M1704,213RPTD,2026-09-30
M1704,213RQQR,2026-09-24
M1704,213TFXD,2026-09-21
M1704,213TKMF,2026-10-01
M1704,213VKPS,2026-10-01
M1704,213VLTD,2026-09-14
M1704,213VMZH,2026-09-30
M1704,213WFYF,2026-09-30
M1704,213XBCZ,2026-10-01
M1704,213XJRZ,2026-09-15
M1704,213YSXV,2026-10-02
M1704,213YSZJ,2026-10-02
M1704,213YYQB,2026-09-16
M1704,213ZTJH,2026-09-17
M1704,214BCDP,2026-10-03
M1704,214BNFJ,2026-09-18
M1704,214CMXJ,2026-10-04
M1704,214DKMG,2026-09-22
M1704,214DPTJ,2026-10-04
M1704,214DPWN,2026-09-21
M1704,214DSVV,2026-09-29
M1704,214FCWL,2026-09-22
M1704,214FHJP,2026-09-22
M1704,214FLFS,2026-09-30
M1704,214FLTZ,2026-09-22
M1704,214FMXM,2026-10-02
M1704,214FPBB,2026-09-22
M1704,214FSQT,2026-09-28
M1704,214FWFC,2026-09-30
M1704,214FXHK,2026-09-23
M1704,214GBKD,2026-09-22
M1704,214GCDL,2026-09-22
M1704,214GFGK,2026-09-22
M1704,214GPYW,2026-09-28
M1704,214GRSM,2026-09-23
M1704,214GXHQ,2026-10-01
M1704,214HBSG,2026-10-02
M1704,214HBTJ,2026-10-04
M1704,214HPHY,2026-09-23
M1704,214JBSL,2026-09-24
M1704,214JFPQ,2026-09-24
M1704,214JGTW,2026-09-24
M1704,214JHCF,2026-09-24
M1704,214JLJC,2026-09-24
M1704,214JRCQ,2026-10-01
M1704,214JVVD,2026-10-02
M1704,214KCWD,2026-09-25
M1704,214KFNY,2026-09-25
M1704,214KKLZ,2026-09-25
M1704,214KQPM,2026-09-25
M1704,214KQVN,2026-09-25
M1704,214KSWV,2026-10-04
M1704,214KSXF,2026-10-04
M1704,214KSXM,2026-10-04
M1704,214LDCN,2026-09-28
M1704,214LSYC,2026-09-28
M1704,214MHDW,2026-09-28
M1704,214MSXD,2026-09-30
M1704,214MXZX,2026-09-29
M1704,214NDPR,2026-10-01
M1704,214NFBQ,2026-09-29
M1704,214NGLH,2026-09-30
M1704,214NGNL,2026-09-30
M1704,214NHVG,2026-09-29
M1704,214NNYP,2026-09-29
M1704,214NYHY,2026-09-30
M1704,214NYLD,2026-09-29
M1704,214PBXM,2026-10-01
M1704,214PFSS,2026-09-30
M1704,214PHGH,2026-09-30
M1704,214PRXL,2026-09-30
M1704,214PVFF,2026-10-02
M1704,214PXCD,2026-09-30
M1704,214PXGR,2026-09-30
M1704,214QBGP,2026-10-01
M1704,214QDZK,2026-09-30
M1704,214QFKP,2026-09-30
M1704,214QHGT,2026-10-01
M1704,214QNDP,2026-10-02
M1704,214RBJG,2026-10-02
M1704,214RBJY,2026-10-02
M1704,214RDSK,2026-10-01
M1704,214RFGX,2026-10-01
M1704,214RPLX,2026-10-02
M1704,214RRWH,2026-10-02
M1704,214RVXT,2026-10-02
M1704,214SBFC,2026-10-02
M1704,214SBHV,2026-10-02
M1704,214SLJW,2026-10-02
M1704,214SNNQ,2026-10-02
M1704,214STVK,2026-10-02
M1704,214SXSY,2026-10-03
M1704,214SYDB,2026-10-03
M1704,2582154,2026-09-21
M1704,3069026,2026-10-02
M1704,3613835,2026-07-27
M1704,3787506,2026-08-25
M1704,3834698,2026-10-02
M1704,3875351,2026-07-21
M1704,4298896,2026-08-31
M1704,4329160,2026-08-28
M1704,4485183,2026-09-29
M1704,4631411,2026-07-21
M1704,4635501,2026-09-21
M1704,4639596,2026-08-09
M1704,4672789,2026-07-07
M1704,4709535,2026-08-11
M1704,4856377,2026-09-21
M1704,5040882,2026-08-28
M1704,5054107,2026-10-01
M1704,5054127,2026-10-01
M1704,5054131,2026-10-01
M1704,5054133,2026-10-01
M1704,5054134,2026-10-01
M1704,5054137,2026-10-01
M1704,5054149,2026-10-01
M1704,5054158,2026-10-01
M1704,5054163,2026-10-01
M1704,5054170,2026-10-01
M1704,5054174,2026-10-01
M1704,5054179,2026-10-01
M1704,5054188,2026-10-01
M1704,5054206,2026-10-01
M1704,5054214,2026-10-01
M1704,5054217,2026-10-01
M1704,5054224,2026-10-01
M1704,5054236,2026-10-01
M1704,5054244,2026-10-01
M1704,5054256,2026-10-01
M1704,5054258,2026-10-01
M1704,5054260,2026-10-01
M1704,5054298,2026-10-01
M1704,5054301,2026-10-01
M1704,5054337,2026-10-01
M1704,5054347,2026-10-01
M1704,5054360,2026-10-01
M1704,5054361,2026-10-01
M1704,5054363,2026-10-01
M1704,5054370,2026-10-01
M1704,5054380,2026-10-01
M1704,5054383,2026-10-01
M1704,5054390,2026-10-01
M1704,5054396,2026-10-01
M1704,5054398,2026-10-01
M1704,5054404,2026-10-01
M1704,5054407,2026-10-01
M1704,5054410,2026-10-01
M1704,5054411,2026-10-01
M1704,5054414,2026-10-01
M1704,5054418,2026-10-01
M1704,5054421,2026-10-01
M1704,5054431,2026-10-01
M1704,5054433,2026-10-01
M1704,5054434,2026-10-01
M1704,5054438,2026-10-01
M1704,5054442,2026-10-01
M1704,5054446,2026-10-01
M1704,5054448,2026-10-01
M1704,5054449,2026-10-01
M1704,5054454,2026-10-01
M1704,5054457,2026-10-01
M1704,5054464,2026-10-01
M1704,5054467,2026-10-01
M1704,5054469,2026-10-01
M1704,5054470,2026-10-01
M1704,5054488,2026-10-01
M1704,5054489,2026-10-01
M1704,5054491,2026-10-02
M1704,5054507,2026-10-01
M1704,5054512,2026-10-01
M1704,5054513,2026-10-01
M1704,5054519,2026-10-01
M1704,5054520,2026-10-01
M1704,5054528,2026-10-01
M1704,5054532,2026-10-01
M1704,5054533,2026-10-01
M1704,5054534,2026-10-01
M1704,5054535,2026-10-01
M1704,5054538,2026-10-01
M1704,5054541,2026-10-01
M1704,5054560,2026-10-01
M1704,5054564,2026-10-01
M1704,5054570,2026-10-01
M1704,5054572,2026-10-01
M1704,5054574,2026-10-01
M1704,5054576,2026-10-01
M1704,5054580,2026-10-01
M1704,5054585,2026-10-01
M1704,5054588,2026-10-02
M1704,5054592,2026-10-01
M1704,5054597,2026-10-01
M1704,5054598,2026-10-01
M1704,5054604,2026-10-01
M1704,5054606,2026-10-01
M1704,5054607,2026-10-01
M1704,5054612,2026-10-01
M1704,5054615,2026-10-01
M1704,5054616,2026-10-01
M1704,5054617,2026-10-01
M1704,5054618,2026-10-01
M1704,5054619,2026-10-01
M1704,5054627,2026-10-01
M1704,5054628,2026-10-01
M1704,5054630,2026-10-01
M1704,5054640,2026-10-01
M1704,5054645,2026-10-01
M1704,5054646,2026-10-01
M1704,5054648,2026-10-01
M1704,5054651,2026-10-01
M1704,5054655,2026-10-01
M1704,5054656,2026-10-01
M1704,5054669,2026-10-01
M1704,5054670,2026-10-01
M1704,5054680,2026-10-01
M1704,5054716,2026-10-01
M1704,5054717,2026-10-01
M1704,5054731,2026-10-01
M1704,5054735,2026-10-01
M1704,5054774,2026-10-01
M1704,5054806,2026-10-01
M1704,5054813,2026-10-01
M1704,5054815,2026-10-01
M1704,5054819,2026-10-01
M1704,5054837,2026-10-01
M1704,5054918,2026-10-01
M1704,5054950,2026-10-01
M1704,5054961,2026-10-01
M1704,5054971,2026-10-01
M1704,5054981,2026-10-01
M1704,5054983,2026-10-01
M1704,5054987,2026-10-01
M1704,5054996,2026-10-01
M1704,5055003,2026-10-01
M1704,5055047,2026-10-01
M1704,5067194,2026-09-25
M1704,5077347,2026-08-28
M1704,5082569,2026-07-22
M1704,5091246,2026-10-02
M1704,5091252,2026-10-01
M1704,5091253,2026-10-01
M1704,5091259,2026-10-01
M1704,5091265,2026-10-01
M1704,5091267,2026-10-01
M1704,5091268,2026-10-01
M1704,5091272,2026-10-01
M1704,5091277,2026-10-01
M1704,5091278,2026-10-01
M1704,5091279,2026-10-01
M1704,5091283,2026-10-01
M1704,5091290,2026-10-01
M1704,5091292,2026-10-01
M1704,5091293,2026-10-01
M1704,5091294,2026-10-02
M1704,5091296,2026-10-01
M1704,5091298,2026-10-01
M1704,5091303,2026-10-01
M1704,5091304,2026-10-01
M1704,5091307,2026-10-01
M1704,5091309,2026-10-01
M1704,5091311,2026-10-01
M1704,5091314,2026-10-01
M1704,5091315,2026-10-01
M1704,5091326,2026-10-01
M1704,5091327,2026-10-01
M1704,5114532,2026-07-18
M1704,5118121,2026-07-18
M1704,5131332,2026-07-21
M1704,5195363,2026-09-21
M1704,5207852,2026-08-28
M1704,5221277,2026-09-24
M1704,5338884,2026-10-02
M1704,5340920,2026-07-22
M1704,5356072,2026-09-15
M1704,5390145,2026-10-01
M1704,5390159,2026-10-01
M1704,5426954,2026-08-28
M1704,5513419,2026-10-01
M1704,5513426,2026-10-01
M1704,5513432,2026-10-02
M1704,5513433,2026-10-01
M1704,5552112,2026-07-29
M1704,5561279,2026-10-01
M1704,5561283,2026-10-01
M1704,5561290,2026-10-01
M1704,5566784,2026-08-28
M1704,5583305,2026-10-03
M1704,5583366,2026-09-21
M1704,5588772,2026-07-30
M1704,5592813,2026-10-01
M1704,5592826,2026-10-01
M1704,5627702,2026-10-01
M1704,5708147,2026-08-05
M1704,5712741,2026-08-05
M1704,5715010,2026-10-01
M1704,5715011,2026-10-01
M1704,5715021,2026-10-01
M1704,5715022,2026-10-01
M1704,5715032,2026-10-01
M1704,5715040,2026-10-01
M1704,5715046,2026-10-02
M1704,5715047,2026-10-01
M1704,5715053,2026-10-01
M1704,5715070,2026-10-01
M1704,5715088,2026-10-01
M1704,5715108,2026-10-01
M1704,5715111,2026-10-01
M1704,5715117,2026-10-01
M1704,5739562,2026-09-18
M1704,5744264,2026-08-31
M1704,5784950,2026-10-01
M1704,5787341,2026-08-06
M1704,5826445,2026-10-01
M1704,5826451,2026-10-01
M1704,5826461,2026-10-01
M1704,5852314,2026-09-24
M1704,5853253,2026-08-08
M1704,5886771,2026-08-31
M1704,5898010,2026-09-21
M1704,5907530,2026-10-01
M1704,5938595,2026-10-01
M1704,5938612,2026-10-01
M1704,5938639,2026-10-01
M1704,5938644,2026-10-01
M1704,5963202,2026-10-01
M1704,5989559,2026-10-05
M1704,5999596,2026-10-01
M1704,6049533,2026-10-01
M1704,6060439,2026-09-28
M1704,6085171,2026-08-18
M1704,6085216,2026-08-18
M1704,6085224,2026-08-18
M1704,6085239,2026-08-18
M1704,6085246,2026-08-18
M1704,6085251,2026-08-18
M1704,6085259,2026-08-18
M1704,6085271,2026-08-18
M1704,6092315,2026-09-11
M1704,6110534,2026-08-19
M1704,6114249,2026-10-01
M1704,6114255,2026-10-01
M1704,6114281,2026-10-01
M1704,6178336,2026-10-01
M1704,6178356,2026-10-01
M1704,6189166,2026-09-23
M1704,6207775,2026-08-22
M1704,6234016,2026-10-01
M1704,6234022,2026-10-01
M1704,6235334,2026-08-24
M1704,6270390,2026-08-25
M1704,6273592,2026-10-01
M1704,6273608,2026-10-01
M1704,6273614,2026-10-01
M1704,6278342,2026-08-26
M1704,6278396,2026-08-26
M1704,6282111,2026-09-22
M1704,6313613,2026-10-01
M1704,6313617,2026-10-01
M1704,6313635,2026-10-01
M1704,6315351,2026-08-27
M1704,6319074,2026-08-27
M1704,6347411,2026-09-02
M1704,6350646,2026-10-01
M1704,6355155,2026-08-28
M1704,6382079,2026-08-28
M1704,6383484,2026-08-28
M1704,6385955,2026-10-01
M1704,6391342,2026-10-01
M1704,6391344,2026-10-01
M1704,6391350,2026-10-01
M1704,6418726,2026-09-09
M1704,6433822,2026-10-01
M1704,6445514,2026-08-31
M1704,6465489,2026-10-01
M1704,6465490,2026-10-01
M1704,6465503,2026-10-01
M1704,6465530,2026-08-31
M1704,6465531,2026-10-01
M1704,6475507,2026-09-23
M1704,6500919,2026-09-02
M1704,6507405,2026-10-02
M1704,6531434,2026-10-01
M1704,6531439,2026-10-01
M1704,6531446,2026-10-01
M1704,6531475,2026-10-01
M1704,6531482,2026-10-01
M1704,6531487,2026-10-02
M1704,6539996,2026-09-03
M1704,6542060,2026-09-11
M1704,6568855,2026-09-04
M1704,6571047,2026-09-25
M1704,6581770,2026-10-01
M1704,6581789,2026-10-03
M1704,6581790,2026-10-01
M1704,6581792,2026-10-01
M1704,6581795,2026-10-01
M1704,6581798,2026-10-01
M1704,6581800,2026-10-01
M1704,6581801,2026-10-01
M1704,6581806,2026-10-01
M1704,6581810,2026-10-01
M1704,6581811,2026-10-01
M1704,6581812,2026-10-01
M1704,6581816,2026-10-01
M1704,6581823,2026-10-01
M1704,6581829,2026-10-01
M1704,6581840,2026-10-01
M1704,6581843,2026-10-01
M1704,6581850,2026-10-01
M1704,6581851,2026-10-01
M1704,6581853,2026-10-01
M1704,6581854,2026-10-02
M1704,6581860,2026-10-01
M1704,6581863,2026-10-01
M1704,6581867,2026-10-03
M1704,6581873,2026-10-01
M1704,6581878,2026-10-03
M1704,6581880,2026-10-01
M1704,6581881,2026-10-01
M1704,6581886,2026-10-01
M1704,6581889,2026-10-01
M1704,6581890,2026-10-01
M1704,6581891,2026-10-01
M1704,6581892,2026-10-01
M1704,6581897,2026-10-01
M1704,6581902,2026-10-01
M1704,6581904,2026-10-01
M1704,6581909,2026-10-01
M1704,6581914,2026-10-01
M1704,6581915,2026-10-01
M1704,6581917,2026-10-01
M1704,6581919,2026-10-01
M1704,6589075,2026-09-03
M1704,6627839,2026-09-04
M1704,6628177,2026-09-29
M1704,6634390,2026-10-01
M1704,6634399,2026-10-04
M1704,6645385,2026-09-05
M1704,6662557,2026-09-05
M1704,6682954,2026-09-11
M1704,6692171,2026-09-07
M1704,6692190,2026-09-07
M1704,6692596,2026-09-07
M1704,6695653,2026-10-01
M1704,6695663,2026-10-01
M1704,6695678,2026-10-01
M1704,6695681,2026-10-01
M1704,6695693,2026-10-01
M1704,6695717,2026-10-01
M1704,6700002,2026-10-01
M1704,6706292,2026-09-26
M1704,6710867,2026-09-08
M1704,6723146,2026-09-08
M1704,6727593,2026-09-08
M1704,6727742,2026-09-08
M1704,6728376,2026-09-08
M1704,6730582,2026-09-08
M1704,6734848,2026-10-01
M1704,6736361,2026-09-08
M1704,6738772,2026-09-09
M1704,6751933,2026-09-11
M1704,6768003,2026-09-09
M1704,6774720,2026-09-09
M1704,6774748,2026-10-01
M1704,6774751,2026-10-01
M1704,6774753,2026-10-01
M1704,6774762,2026-10-01
M1704,6774764,2026-10-01
M1704,6774769,2026-10-01
M1704,6774770,2026-10-01
M1704,6774774,2026-10-01
M1704,6774777,2026-10-01
M1704,6774780,2026-10-01
M1704,6774786,2026-10-01
M1704,6774787,2026-10-01
M1704,6774788,2026-10-01
M1704,6774791,2026-10-01
M1704,6774794,2026-10-01
M1704,6775432,2026-09-09
M1704,6775460,2026-09-09
M1704,6775508,2026-09-09
M1704,6776306,2026-10-04
M1704,6776594,2026-09-10
M1704,6796903,2026-09-12
M1704,6796907,2026-09-12
M1704,6796908,2026-09-12
M1704,6799789,2026-09-10
M1704,6802035,2026-09-10
M1704,6802230,2026-09-10
M1704,6802236,2026-09-10
M1704,6803330,2026-09-10
M1704,6806788,2026-09-11
M1704,6822805,2026-09-11
M1704,6825116,2026-10-01
M1704,6825518,2026-10-01
M1704,6830274,2026-09-30
M1704,6846416,2026-09-12
M1704,6847926,2026-09-12
M1704,6863011,2026-09-15
M1704,6863012,2026-09-15
M1704,6863016,2026-09-15
M1704,6863083,2026-09-15
M1704,6863085,2026-09-15
M1704,6863090,2026-09-15
M1704,6863093,2026-09-15
M1704,6898374,2026-09-15
M1704,6908997,2026-10-01
M1704,6910402,2026-09-16
M1704,6933156,2026-09-16
M1704,6942667,2026-09-16
M1704,6946215,2026-09-17
M1704,6961999,2026-09-30
M1704,6963907,2026-09-17
M1704,6963929,2026-09-17
M1704,6963947,2026-09-17
M1704,6969281,2026-09-18
M1704,6987692,2026-09-18
M1704,6994235,2026-09-18
M1704,6994680,2026-09-18
M1704,7010527,2026-09-19
M1704,7030343,2026-10-01
M1704,7034285,2026-09-19
M1704,7034390,2026-09-19
M1704,7043387,2026-09-20
M1704,7053025,2026-09-22
M1704,7053030,2026-09-22
M1704,7053254,2026-09-22
M1704,7053255,2026-09-21
M1704,7053264,2026-09-21
M1704,7053286,2026-09-22
M1704,7053321,2026-09-21
M1704,7053330,2026-09-21
M1704,7053561,2026-09-22
M1704,7053563,2026-09-22
M1704,7054372,2026-09-21
M1704,7054984,2026-09-21
M1704,7057339,2026-09-21
M1704,7057456,2026-09-21
M1704,7058010,2026-09-21
M1704,7058556,2026-09-21
M1704,7062811,2026-09-21
M1704,7063009,2026-09-21
M1704,7063084,2026-09-21
M1704,7063149,2026-09-21
M1704,7063171,2026-09-21
M1704,7063365,2026-09-21
M1704,7063371,2026-09-21
M1704,7063388,2026-09-21
M1704,7063396,2026-09-21
M1704,7063410,2026-09-21
M1704,7063413,2026-09-21
M1704,7063426,2026-09-21
M1704,7063441,2026-09-21
M1704,7063449,2026-09-21
M1704,7063453,2026-09-21
M1704,7063464,2026-09-21
M1704,7063489,2026-09-21
M1704,7063490,2026-09-21
M1704,7063497,2026-09-21
M1704,7063508,2026-09-21
M1704,7063520,2026-09-21
M1704,7063546,2026-09-21
M1704,7063566,2026-09-21
M1704,7063574,2026-09-21
M1704,7063575,2026-09-21
M1704,7063592,2026-09-21
M1704,7073105,2026-10-05
M1704,7074254,2026-10-02
M1704,7091321,2026-09-22
M1704,7091348,2026-09-25
M1704,7098850,2026-09-22
M1704,7099624,2026-09-22
M1704,7100656,2026-10-03
M1704,7102208,2026-09-22
M1704,7107820,2026-09-23
M1704,7112189,2026-09-23
M1704,7113154,2026-09-23
M1704,7113276,2026-09-23
M1704,7113987,2026-09-24
M1704,7114779,2026-09-23
M1704,7114930,2026-09-23
M1704,7124745,2026-09-23
M1704,7126114,2026-10-01
M1704,7134995,2026-09-23
M1704,7136579,2026-09-23
M1704,7136641,2026-09-30
M1704,7136836,2026-09-23
M1704,7136863,2026-10-01
M1704,7136946,2026-09-23
M1704,7148222,2026-09-23
M1704,7150000,2026-09-23
M1704,7156011,2026-09-24
M1704,7158222,2026-09-24
M1704,7163013,2026-10-02
M1704,7163765,2026-09-24
M1704,7165140,2026-09-24
M1704,7347400,2026-09-25
M1704,7348214,2026-09-25
M1704,7352398,2026-09-26
M1704,7352539,2026-09-25
M1704,7352540,2026-09-25
M1704,7357188,2026-10-05
M1704,7380128,2026-09-25
M1704,7381169,2026-09-25
M1704,7381204,2026-09-25
M1704,7384671,2026-09-25
M1704,7396481,2026-09-25
M1704,7398870,2026-10-01
M1704,7398872,2026-10-01
M1704,7398878,2026-10-01
M1704,7398888,2026-10-01
M1704,7398889,2026-10-01
M1704,7398898,2026-10-01
M1704,7398910,2026-10-01
M1704,7398916,2026-10-01
M1704,7398918,2026-10-01
M1704,7398927,2026-10-01
M1704,7398933,2026-10-01
M1704,7398940,2026-10-01
M1704,7398945,2026-10-01
M1704,7398962,2026-10-01
M1704,7398964,2026-10-01
M1704,7398969,2026-10-01
M1704,7405819,2026-09-26
M1704,7406876,2026-09-26
M1704,7406880,2026-09-26
M1704,7407078,2026-09-26
M1704,7420641,2026-10-03
M1704,7420667,2026-09-26
M1704,7421744,2026-10-01
M1704,7425187,2026-09-26
M1704,7425834,2026-09-26
M1704,7425858,2026-09-26
M1704,7425867,2026-09-26
M1704,7425868,2026-09-26
M1704,7425878,2026-09-26
M1704,7425880,2026-09-26
M1704,7425882,2026-09-26
M1704,7425883,2026-09-26
M1704,7425884,2026-09-26
M1704,7425887,2026-09-26
M1704,7425895,2026-09-26
M1704,7425896,2026-09-26
M1704,7425897,2026-09-26
M1704,7425899,2026-09-26
M1704,7425912,2026-09-26
M1704,7425918,2026-09-26
M1704,7425923,2026-09-26
M1704,7425928,2026-09-26
M1704,7425952,2026-09-26
M1704,7425963,2026-09-26
M1704,7425965,2026-09-26
M1704,7425967,2026-09-26
M1704,7425970,2026-09-26
M1704,7425985,2026-09-26
M1704,7425998,2026-09-26
M1704,7426682,2026-09-26
M1704,7427076,2026-09-26
M1704,7449438,2026-09-27
M1704,7449508,2026-09-27
M1704,7464768,2026-09-29
M1704,7464778,2026-09-29
M1704,7465049,2026-09-28
M1704,7465082,2026-09-29
M1704,7465173,2026-09-29
M1704,7465175,2026-09-29
M1704,7465176,2026-09-29
M1704,7465185,2026-09-29
M1704,7465188,2026-09-29
M1704,7465198,2026-09-29
M1704,7465208,2026-09-29
M1704,7465219,2026-09-29
M1704,7465231,2026-09-29
M1704,7465244,2026-09-29
M1704,7465299,2026-09-29
M1704,7465317,2026-09-29
M1704,7465318,2026-09-29
M1704,7466830,2026-09-28
M1704,7466838,2026-09-28
M1704,7467018,2026-09-28
M1704,7469648,2026-10-01
M1704,7469650,2026-10-01
M1704,7469661,2026-10-01
M1704,7469662,2026-10-01
M1704,7472149,2026-09-28
M1704,7476554,2026-10-01
M1704,7476904,2026-09-29
M1704,7488262,2026-09-29
M1704,7488413,2026-09-29
M1704,7490003,2026-10-04
M1704,7490072,2026-09-29
M1704,7490161,2026-09-30
M1704,7490163,2026-09-30
M1704,7490206,2026-09-30
M1704,7490208,2026-09-30
M1704,7490229,2026-09-30
M1704,7490249,2026-09-30
M1704,7490251,2026-09-30
M1704,7490254,2026-09-30
M1704,7490255,2026-09-30
M1704,7490281,2026-09-30
M1704,7492990,2026-09-29
M1704,7494248,2026-09-29
M1704,7495101,2026-09-29
M1704,7495980,2026-09-29
M1704,7496123,2026-09-30
M1704,7497912,2026-09-30
M1704,7514098,2026-10-02
M1704,7514195,2026-10-01
M1704,7514271,2026-10-01
M1704,7514272,2026-10-01
M1704,7514394,2026-10-01
M1704,7514405,2026-09-30
M1704,7514474,2026-09-30
M1704,7514965,2026-09-30
M1704,7516604,2026-09-30
M1704,7516808,2026-09-30
M1704,7522207,2026-09-30
M1704,7528493,2026-09-30
M1704,7528676,2026-09-30
M1704,7528967,2026-09-30
M1704,7529270,2026-09-30
M1704,7533172,2026-10-01
M1704,7533178,2026-10-01
M1704,7533180,2026-10-01
M1704,7533194,2026-10-01
M1704,7533212,2026-10-01
M1704,7534334,2026-09-30
M1704,7534346,2026-09-30
M1704,7534410,2026-09-30
M1704,7534516,2026-09-30
M1704,7534587,2026-10-04
M1704,7537034,2026-10-01
M1704,7537068,2026-10-01
M1704,7552966,2026-10-01
M1704,7553117,2026-10-01
M1704,7553118,2026-10-01
M1704,7554096,2026-10-01
M1704,7555703,2026-10-01
M1704,7556726,2026-10-01
M1704,7559454,2026-10-01
M1704,7559532,2026-10-01
M1704,7562000,2026-10-01
M1704,7562158,2026-10-01
M1704,7562163,2026-10-01
M1704,7562172,2026-10-01
M1704,7562223,2026-10-01
M1704,7562228,2026-10-01
M1704,7562254,2026-10-01
M1704,7562260,2026-10-01
M1704,7562264,2026-10-01
M1704,7562265,2026-10-01
M1704,7562267,2026-10-01
M1704,7562276,2026-10-01
M1704,7562283,2026-10-01
M1704,7562296,2026-10-01
M1704,7562298,2026-10-01
M1704,7562308,2026-10-01
M1704,7562310,2026-10-01
M1704,7562318,2026-10-01
M1704,7562320,2026-10-01
M1704,7562321,2026-10-01
M1704,7562332,2026-10-01
M1704,7562340,2026-10-01
M1704,7562342,2026-10-01
M1704,7562343,2026-10-01
M1704,7562348,2026-10-01
M1704,7562357,2026-10-01
M1704,7562359,2026-10-01
M1704,7562360,2026-10-01
M1704,7562365,2026-10-01
M1704,7562368,2026-10-01
M1704,7562373,2026-10-01
M1704,7562374,2026-10-01
M1704,7562380,2026-10-01
M1704,7562388,2026-10-01
M1704,7562390,2026-10-01
M1704,7562392,2026-10-01
M1704,7562395,2026-10-02
M1704,7562407,2026-10-01
M1704,7562414,2026-10-01
M1704,7562415,2026-10-01
M1704,7562421,2026-10-01
M1704,7562435,2026-10-01
M1704,7562452,2026-10-01
M1704,7562457,2026-10-01
M1704,7562464,2026-10-01
M1704,7562465,2026-10-01
M1704,7562472,2026-10-01
M1704,7562477,2026-10-01
M1704,7562483,2026-10-01
M1704,7562487,2026-10-01
M1704,7562488,2026-10-01
M1704,7562491,2026-10-01
M1704,7562493,2026-10-01
M1704,7562500,2026-10-01
M1704,7562506,2026-10-01
M1704,7562512,2026-10-01
M1704,7562519,2026-10-01
M1704,7562524,2026-10-01
M1704,7562527,2026-10-01
M1704,7565799,2026-10-01
M1704,7566590,2026-10-01
M1704,7566799,2026-10-01
M1704,7567044,2026-10-01
M1704,7567102,2026-10-01
M1704,7572493,2026-10-02
M1704,7577112,2026-10-02
M1704,7586120,2026-10-02
M1704,7586884,2026-10-02
M1704,7587527,2026-10-02
M1704,7587898,2026-10-02
M1704,7587937,2026-10-02
M1704,7589948,2026-10-02
M1704,7591116,2026-10-02
M1704,7594720,2026-10-02
M1704,7594731,2026-10-02
M1704,7595625,2026-10-02
M1704,7597089,2026-10-02
M1704,7598119,2026-10-02
M1704,7598123,2026-10-02
M1704,7599807,2026-10-02
M1704,7599823,2026-10-02
M1704,7601825,2026-10-03
M1704,7604078,2026-10-03
M1704,7604140,2026-10-03
M1704,7606937,2026-10-03
M1704,7623263,2026-10-03
M1704,7625536,2026-10-03
M1704,7627381,2026-10-03
M1704,7630132,2026-10-03
M1704,7630352,2026-10-03
M1704,7632062,2026-10-03
M1704,7632777,2026-10-03
M1704,7634878,2026-10-03
M1704,7634886,2026-10-03
M1704,7637491,2026-10-05
M1704,7639720,2026-10-04
M1704,7655499,2026-10-04
M1704,7656020,2026-10-04
M1704,7656040,2026-10-04
M1704,7656284,2026-10-04
M1704,7656285,2026-10-04
M1704,7656288,2026-10-04
M1704,7656314,2026-10-04
M1704,7656315,2026-10-04
M1704,7656317,2026-10-04
M1704,7656400,2026-10-04
M1707,1917534,2026-07-19
M1707,1918401,2026-07-20
M1707,206MCJV,2026-09-18
M1707,206ZVLW,2026-09-30
M1707,208TFCC,2026-09-30
M1707,208VQTF,2026-09-28
M1707,209FMDW,2026-09-30
M1707,209NLDQ,2026-09-24
M1707,209WQYJ,2026-09-23
M1707,210FBWX,2026-07-17
M1707,210FZMS,2026-09-24
M1707,210PBWB,2026-09-24
M1707,210RHCT,2026-09-18
M1707,211BPXB,2026-09-25
M1707,211HQCD,2026-10-02
M1707,211HQMW,2026-10-02
M1707,211KHPX,2026-10-02
M1707,211KKRJ,2026-10-02
M1707,211MMYJ,2026-10-01
M1707,211TFXM,2026-09-17
M1707,211TGZT,2026-10-01
M1707,211WJXP,2026-09-24
M1707,211WVDF,2026-09-18
M1707,211XBRL,2026-09-22
M1707,211XQLW,2026-10-02
M1707,212DBBV,2026-09-24
M1707,212JXLT,2026-09-29
M1707,212KKGT,2026-09-11
M1707,212KSMY,2026-09-30
M1707,212RFLH,2026-09-25
M1707,212WYPZ,2026-09-23
M1707,212WZMG,2026-10-02
M1707,212YBMV,2026-09-21
M1707,212YSDL,2026-09-30
M1707,212YTVT,2026-09-22
M1707,212ZXHR,2026-09-28
M1707,2139087,2026-07-25
M1707,213CQTL,2026-10-01
M1707,213CVFF,2026-10-02
M1707,213DHPT,2026-10-01
M1707,213FFPV,2026-10-01
M1707,213FTGQ,2026-09-30
M1707,213FXDV,2026-10-02
M1707,213FYWV,2026-09-18
M1707,213GMCF,2026-10-01
M1707,213GMKQ,2026-10-01
M1707,213GMXL,2026-10-01
M1707,213GNDP,2026-10-01
M1707,213GNHK,2026-10-01
M1707,213GYHF,2026-09-24
M1707,213JDKF,2026-09-25
M1707,213KLGJ,2026-10-01
M1707,213LMZM,2026-09-28
M1707,213LPTR,2026-09-28
M1707,213LVCN,2026-09-22
M1707,213LXZB,2026-09-28
M1707,213LYBL,2026-09-28
M1707,213LYDV,2026-09-08
M1707,213MXSH,2026-09-23
M1707,213NGYQ,2026-09-24
M1707,213NTHW,2026-09-25
M1707,213NWDJ,2026-09-25
M1707,213PBBP,2026-10-01
M1707,213PKVH,2026-09-24
M1707,213PSKC,2026-10-01
M1707,213PTPV,2026-09-30
M1707,213PZJH,2026-09-16
M1707,213QBPL,2026-09-30
M1707,213QDLJ,2026-09-11
M1707,213QNFN,2026-09-30
M1707,213QPHL,2026-09-10
M1707,213QSCZ,2026-09-21
M1707,213QTQR,2026-09-10
M1707,213QWKR,2026-09-10
M1707,213QXKW,2026-09-21
M1707,213RWWQ,2026-09-25
M1707,213RXDT,2026-09-25
M1707,213RZGV,2026-09-22
M1707,213SGFC,2026-09-26
M1707,213SKXT,2026-09-30
M1707,213SNTY,2026-10-01
M1707,213SPVX,2026-09-30
M1707,213SZTN,2026-09-27
M1707,213TFDP,2026-09-15
M1707,213TNRT,2026-09-14
M1707,213TPXP,2026-09-27
M1707,213TQBQ,2026-09-27
M1707,213TTDD,2026-09-27
M1707,213TTTJ,2026-09-28
M1707,213VDLQ,2026-10-02
M1707,213VGPN,2026-09-30
M1707,213VKSX,2026-09-28
M1707,213VLLP,2026-09-14
M1707,213VMYJ,2026-10-01
M1707,213VRKD,2026-09-14
M1707,213VRVW,2026-10-02
M1707,213VVYP,2026-09-15
M1707,213VWVS,2026-09-30
M1707,213WDBL,2026-09-30
M1707,213WHTX,2026-09-30
M1707,213WJSY,2026-10-01
M1707,213WPWW,2026-10-01
M1707,213WPXQ,2026-10-01
M1707,213WPYQ,2026-10-01
M1707,213WPZL,2026-10-01
M1707,213WQBD,2026-10-01
M1707,213WQBX,2026-10-02
M1707,213WQCN,2026-10-01
M1707,213WQDZ,2026-10-01
M1707,213WQLS,2026-09-16
M1707,213WRDC,2026-09-15
M1707,213WTSQ,2026-10-01
M1707,213WTXR,2026-10-01
M1707,213WXBL,2026-09-15
M1707,213XKKC,2026-10-02
M1707,213XNYD,2026-10-01
M1707,213YMDB,2026-10-01
M1707,213YPRB,2026-09-16
M1707,213YQWZ,2026-10-02
M1707,213YVRR,2026-09-16
M1707,213YVSY,2026-09-17
M1707,213YVTW,2026-09-17
M1707,213YVVY,2026-09-16
M1707,213YWBD,2026-09-17
M1707,213YWMC,2026-10-02
M1707,213YWNX,2026-09-23
M1707,213YXFZ,2026-10-01
M1707,213YYBR,2026-09-25
M1707,213ZKHV,2026-09-17
M1707,213ZVDS,2026-10-03
M1707,213ZXKS,2026-09-28
M1707,213ZYDQ,2026-10-03
M1707,213ZYYV,2026-09-17
M1707,214BBKP,2026-10-03
M1707,214BQRR,2026-09-25
M1707,214BSRW,2026-10-02
M1707,214BVNN,2026-10-04
M1707,214BVSX,2026-09-27
M1707,214BZNH,2026-09-18
M1707,214BZVF,2026-09-18
M1707,214CBTN,2026-10-04
M1707,214CCGR,2026-10-04
M1707,214CDJR,2026-10-04
M1707,214CDYW,2026-09-21
M1707,214CJWJ,2026-09-23
M1707,214CLPP,2026-09-18
M1707,214CLPV,2026-09-18
M1707,214CMXF,2026-09-21
M1707,214CPBG,2026-10-04
M1707,214CPSK,2026-09-21
M1707,214CTMT,2026-09-21
M1707,214CTPQ,2026-09-30
M1707,214CXCC,2026-09-21
M1707,214CXHQ,2026-09-21
M1707,214DGSW,2026-09-24
M1707,214DMYK,2026-09-22
M1707,214DSRG,2026-09-22
M1707,214DXTN,2026-09-22
M1707,214DYCK,2026-09-21
M1707,214FCTF,2026-09-22
M1707,214FCTR,2026-09-30
M1707,214FDMH,2026-09-30
M1707,214FSPX,2026-10-01
M1707,214FVDV,2026-09-22
M1707,214FVMM,2026-09-29
M1707,214GDFK,2026-09-22
M1707,214GFZN,2026-09-22
M1707,214GKJL,2026-09-23
M1707,214GNPW,2026-09-23
M1707,214GSKC,2026-09-23
M1707,214GTGN,2026-09-23
M1707,214GYLK,2026-10-03
M1707,214GYSN,2026-09-23
M1707,214GYXY,2026-09-23
M1707,214HCBR,2026-09-23
M1707,214HDMP,2026-09-23
M1707,214HHCG,2026-09-25
M1707,214HXDF,2026-09-23
M1707,214HXZQ,2026-09-25
M1707,214JBHX,2026-09-24
M1707,214JBRX,2026-09-24
M1707,214JLZC,2026-09-28
M1707,214JRJB,2026-09-24
M1707,214JSVZ,2026-09-28
M1707,214JXQK,2026-09-25
M1707,214JYZY,2026-09-25
M1707,214JZBL,2026-09-25
M1707,214KJJG,2026-09-25
M1707,214KJLY,2026-09-25
M1707,214KKCH,2026-09-28
M1707,214KKGC,2026-09-25
M1707,214KLHV,2026-09-25
M1707,214KNHJ,2026-09-25
M1707,214KNJK,2026-09-25
M1707,214KNKX,2026-09-25
M1707,214KNRT,2026-10-02
M1707,214KPCQ,2026-10-02
M1707,214KPXP,2026-09-25
M1707,214KRCY,2026-10-01
M1707,214KXQB,2026-09-25
M1707,214KYDW,2026-09-29
M1707,214LBHH,2026-09-28
M1707,214LFZF,2026-09-25
M1707,214LJZY,2026-09-29
M1707,214LLJV,2026-09-28
M1707,214LQSG,2026-09-30
M1707,214LQWX,2026-09-30
M1707,214LYFD,2026-09-28
M1707,214MFXG,2026-09-28
M1707,214MMFW,2026-09-28
M1707,214MPQK,2026-09-28
M1707,214MPTK,2026-09-28
M1707,214MYCM,2026-09-29
M1707,214NMJV,2026-09-29
M1707,214NMVZ,2026-09-29
M1707,214NNSR,2026-09-30
M1707,214NPKG,2026-09-29
M1707,214NPQX,2026-09-29
M1707,214NSYJ,2026-09-29
M1707,214NTNR,2026-09-29
M1707,214NWQV,2026-09-29
M1707,214NZKK,2026-09-30
M1707,214PBKL,2026-09-30
M1707,214PFGG,2026-09-30
M1707,214PFSP,2026-09-29
M1707,214PGCD,2026-09-30
M1707,214PGWX,2026-10-01
M1707,214PJYH,2026-09-30
M1707,214PJYR,2026-09-30
M1707,214PNRP,2026-10-01
M1707,214PSHQ,2026-09-30
M1707,214PVMP,2026-09-30
M1707,214PWRD,2026-10-01
M1707,214PWRK,2026-10-01
M1707,214PWRS,2026-10-01
M1707,214PWSJ,2026-10-01
M1707,214PWSP,2026-10-01
M1707,214PYBS,2026-09-30
M1707,214PZDN,2026-10-02
M1707,214QFNL,2026-10-01
M1707,214QFWQ,2026-10-02
M1707,214QGZK,2026-09-30
M1707,214QHVW,2026-10-01
M1707,214QHWB,2026-10-01
M1707,214QHWH,2026-10-01
M1707,214QJJT,2026-09-30
M1707,214QRJK,2026-10-01
M1707,214QRKD,2026-10-01
M1707,214QRLD,2026-10-01
M1707,214QXXT,2026-10-01
M1707,214QYBD,2026-10-01
M1707,214QYDG,2026-10-01
M1707,214QYFJ,2026-10-01
M1707,214QYGM,2026-10-01
M1707,214RNDL,2026-10-02
M1707,214RQFJ,2026-10-02
M1707,214RQFR,2026-10-02
M1707,214RVNZ,2026-10-02
M1707,214RZFR,2026-10-02
M1707,214SFWY,2026-10-02
M1707,214SHJZ,2026-10-02
M1707,214SHLG,2026-10-02
M1707,214SHLN,2026-10-02
M1707,214SHQG,2026-10-02
M1707,214SHSK,2026-10-02
M1707,214SHTQ,2026-10-02
M1707,214SHVW,2026-10-02
M1707,214SHXQ,2026-10-02
M1707,214SHYY,2026-10-02
M1707,214SJBB,2026-10-02
M1707,214SMDK,2026-10-02
M1707,214SMZN,2026-10-02
M1707,214SZDZ,2026-10-03
M1707,214SZPV,2026-10-04
M1707,214SZQN,2026-10-04
M1707,214SZTJ,2026-10-04
M1707,214SZZH,2026-10-05
M1707,2681975,2026-07-07
M1707,2812405,2026-07-11
M1707,3126778,2026-07-24
M1707,3444008,2026-09-27
M1707,3615372,2026-07-07
M1707,3630259,2026-07-07
M1707,3756698,2026-08-25
M1707,3756736,2026-08-25
M1707,3888117,2026-09-22
M1707,3982658,2026-08-25
M1707,3984829,2026-08-14
M1707,4110496,2026-07-07
M1707,4161916,2026-08-28
M1707,4196311,2026-07-20
M1707,4250289,2026-07-20
M1707,4298651,2026-08-31
M1707,4298692,2026-08-31
M1707,4298775,2026-08-31
M1707,4298852,2026-08-31
M1707,4389069,2026-09-20
M1707,4399219,2026-07-29
M1707,4400145,2026-07-23
M1707,4425156,2026-07-22
M1707,4457092,2026-08-25
M1707,4579395,2026-08-22
M1707,4630604,2026-07-07
M1707,4669620,2026-07-27
M1707,4676623,2026-07-08
M1707,4693438,2026-09-30
M1707,4710379,2026-10-04
M1707,4710481,2026-08-07
M1707,4711299,2026-08-24
M1707,4714053,2026-09-15
M1707,4728376,2026-09-03
M1707,4780491,2026-08-08
M1707,4934146,2026-10-03
M1707,5069361,2026-07-17
M1707,5117969,2026-07-18
M1707,5131335,2026-09-11
M1707,5184468,2026-08-31
M1707,5187782,2026-09-17
M1707,5193170,2026-10-02
M1707,5193359,2026-07-21
M1707,5217594,2026-09-02
M1707,5227620,2026-08-31
M1707,5352147,2026-08-25
M1707,5354661,2026-09-21
M1707,5361876,2026-08-31
M1707,5361899,2026-08-31
M1707,5361905,2026-08-31
M1707,5365116,2026-09-08
M1707,5366310,2026-09-21
M1707,5366516,2026-09-09
M1707,5368075,2026-09-21
M1707,5391745,2026-07-27
M1707,5398427,2026-09-20
M1707,5399306,2026-07-24
M1707,5403891,2026-07-24
M1707,5403892,2026-08-31
M1707,5403897,2026-08-31
M1707,5440054,2026-09-21
M1707,5442647,2026-07-25
M1707,5496003,2026-09-30
M1707,5496091,2026-09-30
M1707,5499708,2026-10-02
M1707,5499744,2026-10-01
M1707,5499765,2026-10-01
M1707,5499782,2026-10-01
M1707,5499933,2026-10-01
M1707,5499969,2026-10-01
M1707,5500020,2026-10-01
M1707,5500207,2026-10-01
M1707,5500271,2026-10-01
M1707,5500404,2026-10-01
M1707,5569596,2026-09-26
M1707,5570894,2026-08-31
M1707,5586068,2026-07-30
M1707,5600016,2026-10-02
M1707,5600017,2026-10-02
M1707,5600024,2026-10-02
M1707,5600025,2026-10-02
M1707,5600030,2026-10-02
M1707,5600031,2026-10-02
M1707,5600038,2026-10-02
M1707,5600067,2026-10-02
M1707,5600641,2026-10-02
M1707,5600711,2026-10-02
M1707,5601283,2026-07-31
M1707,5603729,2026-08-31
M1707,5636604,2026-09-28
M1707,5636607,2026-09-28
M1707,5639086,2026-08-31
M1707,5640652,2026-08-01
M1707,5671950,2026-08-02
M1707,5708176,2026-08-05
M1707,5718436,2026-08-31
M1707,5729988,2026-10-01
M1707,5729996,2026-10-01
M1707,5729997,2026-10-01
M1707,5730014,2026-10-01
M1707,5730015,2026-10-01
M1707,5730017,2026-10-01
M1707,5730018,2026-10-01
M1707,5730033,2026-10-01
M1707,5730054,2026-10-01
M1707,5730055,2026-10-01
M1707,5730057,2026-10-01
M1707,5730108,2026-10-01
M1707,5730113,2026-10-01
M1707,5730191,2026-10-01
M1707,5732690,2026-10-01
M1707,5732737,2026-08-05
M1707,5732740,2026-10-01
M1707,5732753,2026-10-01
M1707,5732758,2026-10-01
M1707,5732759,2026-10-01
M1707,5732801,2026-10-01
M1707,5733468,2026-10-02
M1707,5740881,2026-08-06
M1707,5741664,2026-08-06
M1707,5787437,2026-08-06
M1707,5787494,2026-08-06
M1707,5791698,2026-08-06
M1707,5831194,2026-08-08
M1707,5852120,2026-08-08
M1707,5852727,2026-08-08
M1707,5857606,2026-09-30
M1707,5877779,2026-08-10
M1707,5886758,2026-08-31
M1707,5886817,2026-09-03
M1707,5899895,2026-10-04
M1707,5914617,2026-10-02
M1707,5914622,2026-10-02
M1707,5935001,2026-09-10
M1707,5940805,2026-08-12
M1707,5942008,2026-08-13
M1707,5958563,2026-08-13
M1707,5958657,2026-08-13
M1707,5959829,2026-08-22
M1707,5960018,2026-08-22
M1707,5966856,2026-08-14
M1707,5973475,2026-09-23
M1707,5989287,2026-10-05
M1707,5990520,2026-09-21
M1707,6001416,2026-08-14
M1707,6050285,2026-08-17
M1707,6050441,2026-08-17
M1707,6078546,2026-08-18
M1707,6078560,2026-08-18
M1707,6083868,2026-08-20
M1707,6090146,2026-09-29
M1707,6115571,2026-08-19
M1707,6117259,2026-09-11
M1707,6149242,2026-09-08
M1707,6149247,2026-09-11
M1707,6156517,2026-09-21
M1707,6184222,2026-09-20
M1707,6190352,2026-08-22
M1707,6190362,2026-08-22
M1707,6190364,2026-08-22
M1707,6206273,2026-08-22
M1707,6217670,2026-09-11
M1707,6224878,2026-09-11
M1707,6236529,2026-09-11
M1707,6236538,2026-09-11
M1707,6236549,2026-09-11
M1707,6236574,2026-09-11
M1707,6236575,2026-09-11
M1707,6240281,2026-10-02
M1707,6242283,2026-10-01
M1707,6273540,2026-08-25
M1707,6276612,2026-09-07
M1707,6276852,2026-08-25
M1707,6277713,2026-08-25
M1707,6277716,2026-08-25
M1707,6277817,2026-09-11
M1707,6277824,2026-09-11
M1707,6282698,2026-09-24
M1707,6283829,2026-09-23
M1707,6288678,2026-09-25
M1707,6289497,2026-09-29
M1707,6304500,2026-08-26
M1707,6304501,2026-08-26
M1707,6304503,2026-08-26
M1707,6304511,2026-08-26
M1707,6304513,2026-08-26
M1707,6315969,2026-08-26
M1707,6321618,2026-09-25
M1707,6321799,2026-09-25
M1707,6341751,2026-08-27
M1707,6347471,2026-08-27
M1707,6354644,2026-08-27
M1707,6355149,2026-08-28
M1707,6382091,2026-08-28
M1707,6394623,2026-09-11
M1707,6395144,2026-08-29
M1707,6402858,2026-09-08
M1707,6417310,2026-08-29
M1707,6417346,2026-08-29
M1707,6425671,2026-09-29
M1707,6429048,2026-09-28
M1707,6430602,2026-09-11
M1707,6434133,2026-08-30
M1707,6434224,2026-08-30
M1707,6445524,2026-08-31
M1707,6445526,2026-08-31
M1707,6445532,2026-08-31
M1707,6445564,2026-08-31
M1707,6445570,2026-08-31
M1707,6460086,2026-09-01
M1707,6460116,2026-09-01
M1707,6460672,2026-09-01
M1707,6466314,2026-09-07
M1707,6467695,2026-08-31
M1707,6478496,2026-09-01
M1707,6498837,2026-09-01
M1707,6499349,2026-09-01
M1707,6500227,2026-09-01
M1707,6500232,2026-09-01
M1707,6501003,2026-09-02
M1707,6501735,2026-10-01
M1707,6517566,2026-09-02
M1707,6533025,2026-09-02
M1707,6534189,2026-10-02
M1707,6534204,2026-09-02
M1707,6539998,2026-09-03
M1707,6574245,2026-09-03
M1707,6588944,2026-09-03
M1707,6590694,2026-09-04
M1707,6590718,2026-09-04
M1707,6590990,2026-09-29
M1707,6594271,2026-10-03
M1707,6598642,2026-09-04
M1707,6623640,2026-09-04
M1707,6625219,2026-09-04
M1707,6635126,2026-09-08
M1707,6635896,2026-09-04
M1707,6637734,2026-09-05
M1707,6645711,2026-09-05
M1707,6645771,2026-09-08
M1707,6662520,2026-09-05
M1707,6676152,2026-09-06
M1707,6692725,2026-09-07
M1707,6692810,2026-09-07
M1707,6697225,2026-09-07
M1707,6697254,2026-09-07
M1707,6697265,2026-09-07
M1707,6698978,2026-09-08
M1707,6703431,2026-10-01
M1707,6707409,2026-09-08
M1707,6710612,2026-09-08
M1707,6711202,2026-09-08
M1707,6722690,2026-09-08
M1707,6723257,2026-09-08
M1707,6727592,2026-09-08
M1707,6727604,2026-09-08
M1707,6727727,2026-09-08
M1707,6729337,2026-09-08
M1707,6732876,2026-09-08
M1707,6735799,2026-09-08
M1707,6738692,2026-09-09
M1707,6738932,2026-09-09
M1707,6739145,2026-09-09
M1707,6740916,2026-10-02
M1707,6743956,2026-10-02
M1707,6744832,2026-10-02
M1707,6744861,2026-10-02
M1707,6746733,2026-10-02
M1707,6747834,2026-09-09
M1707,6749291,2026-09-09
M1707,6753186,2026-09-09
M1707,6753210,2026-09-09
M1707,6763124,2026-09-21
M1707,6766043,2026-09-09
M1707,6766050,2026-09-09
M1707,6766104,2026-09-09
M1707,6766116,2026-09-09
M1707,6766133,2026-09-09
M1707,6766150,2026-09-09
M1707,6766221,2026-09-09
M1707,6767753,2026-09-09
M1707,6767803,2026-09-09
M1707,6767812,2026-09-09
M1707,6773150,2026-09-09
M1707,6776344,2026-09-09
M1707,6778590,2026-10-04
M1707,6778687,2026-10-03
M1707,6778699,2026-10-03
M1707,6779060,2026-10-03
M1707,6780250,2026-10-03
M1707,6782086,2026-09-10
M1707,6797346,2026-09-10
M1707,6797552,2026-09-10
M1707,6797567,2026-09-10
M1707,6797570,2026-09-10
M1707,6797608,2026-09-10
M1707,6797660,2026-09-10
M1707,6799842,2026-09-10
M1707,6799862,2026-10-01
M1707,6806931,2026-09-11
M1707,6806978,2026-09-11
M1707,6806992,2026-09-11
M1707,6808758,2026-09-28
M1707,6808975,2026-10-04
M1707,6809475,2026-10-04
M1707,6810136,2026-10-04
M1707,6822782,2026-09-11
M1707,6826222,2026-09-11
M1707,6827318,2026-09-11
M1707,6827338,2026-09-11
M1707,6830189,2026-09-11
M1707,6830520,2026-09-11
M1707,6846210,2026-09-12
M1707,6847897,2026-09-12
M1707,6863098,2026-09-15
M1707,6863209,2026-09-14
M1707,6863278,2026-09-14
M1707,6863545,2026-09-14
M1707,6863559,2026-09-14
M1707,6863588,2026-09-14
M1707,6863590,2026-09-14
M1707,6863591,2026-09-14
M1707,6863593,2026-09-14
M1707,6863605,2026-09-14
M1707,6863614,2026-09-14
M1707,6863616,2026-09-14
M1707,6863621,2026-09-14
M1707,6863625,2026-09-14
M1707,6863629,2026-09-14
M1707,6863636,2026-09-14
M1707,6863639,2026-09-14
M1707,6863645,2026-09-14
M1707,6863649,2026-09-14
M1707,6863651,2026-09-14
M1707,6863653,2026-09-14
M1707,6863655,2026-09-14
M1707,6863661,2026-09-14
M1707,6863662,2026-09-14
M1707,6863670,2026-09-14
M1707,6863674,2026-09-14
M1707,6863675,2026-09-14
M1707,6863683,2026-09-14
M1707,6863686,2026-09-14
M1707,6863690,2026-09-14
M1707,6863691,2026-09-14
M1707,6863699,2026-09-14
M1707,6863706,2026-09-14
M1707,6863708,2026-09-14
M1707,6863711,2026-09-14
M1707,6863713,2026-09-14
M1707,6863715,2026-09-14
M1707,6863719,2026-09-14
M1707,6863735,2026-09-14
M1707,6863740,2026-09-14
M1707,6863766,2026-09-14
M1707,6863782,2026-09-14
M1707,6863787,2026-09-14
M1707,6863793,2026-09-14
M1707,6863804,2026-09-14
M1707,6863811,2026-09-14
M1707,6863818,2026-09-14
M1707,6863823,2026-09-14
M1707,6863824,2026-09-14
M1707,6863837,2026-09-14
M1707,6863859,2026-09-14
M1707,6863860,2026-09-14
M1707,6863865,2026-09-14
M1707,6863872,2026-09-14
M1707,6863882,2026-09-14
M1707,6863993,2026-09-14
M1707,6863999,2026-09-14
M1707,6864018,2026-09-14
M1707,6864021,2026-09-14
M1707,6864027,2026-09-14
M1707,6864040,2026-09-14
M1707,6864044,2026-09-14
M1707,6864051,2026-09-14
M1707,6864340,2026-09-14
M1707,6864393,2026-09-14
M1707,6864397,2026-09-14
M1707,6864431,2026-09-14
M1707,6881067,2026-09-15
M1707,6881070,2026-09-15
M1707,6881715,2026-09-15
M1707,6881829,2026-09-15
M1707,6882046,2026-09-15
M1707,6882059,2026-09-15
M1707,6882650,2026-10-02
M1707,6888780,2026-09-26
M1707,6897101,2026-09-15
M1707,6908460,2026-09-16
M1707,6911442,2026-09-16
M1707,6911462,2026-09-16
M1707,6927900,2026-09-16
M1707,6927948,2026-09-16
M1707,6934316,2026-09-16
M1707,6934360,2026-09-16
M1707,6945828,2026-09-17
M1707,6948012,2026-09-29
M1707,6963895,2026-09-17
M1707,6964849,2026-09-17
M1707,6966135,2026-09-17
M1707,6968541,2026-09-17
M1707,6971318,2026-09-18
M1707,6971521,2026-10-02
M1707,6986104,2026-10-04
M1707,6986755,2026-09-18
M1707,6987182,2026-09-18
M1707,6993283,2026-09-18
M1707,6993616,2026-09-18
M1707,6995941,2026-09-18
M1707,6997247,2026-09-18
M1707,6997326,2026-09-18
M1707,7000469,2026-09-18
M1707,7010388,2026-09-19
M1707,7010657,2026-09-19
M1707,7011966,2026-09-19
M1707,7031030,2026-09-19
M1707,7031293,2026-09-26
M1707,7034284,2026-09-19
M1707,7039567,2026-09-20
M1707,7039622,2026-09-20
M1707,7039624,2026-09-20
M1707,7039667,2026-09-20
M1707,7039670,2026-09-20
M1707,7039706,2026-09-20
M1707,7039708,2026-09-20
M1707,7039724,2026-09-20
M1707,7044094,2026-09-20
M1707,7052511,2026-09-21
M1707,7052685,2026-09-21
M1707,7052853,2026-09-22
M1707,7053527,2026-09-21
M1707,7053539,2026-09-21
M1707,7054228,2026-09-21
M1707,7057165,2026-09-21
M1707,7057196,2026-09-21
M1707,7057199,2026-09-21
M1707,7057952,2026-09-21
M1707,7057984,2026-09-21
M1707,7059723,2026-10-05
M1707,7060872,2026-09-21
M1707,7062607,2026-09-21
M1707,7063051,2026-09-21
M1707,7063071,2026-09-21
M1707,7063107,2026-09-21
M1707,7063165,2026-09-21
M1707,7063281,2026-09-21
M1707,7063332,2026-09-21
M1707,7063354,2026-09-21
M1707,7063444,2026-09-21
M1707,7066736,2026-09-21
M1707,7070496,2026-09-22
M1707,7071779,2026-09-22
M1707,7072744,2026-09-22
M1707,7090540,2026-09-22
M1707,7090566,2026-09-22
M1707,7090573,2026-09-22
M1707,7093518,2026-10-04
M1707,7093782,2026-09-22
M1707,7098662,2026-09-22
M1707,7099425,2026-09-22
M1707,7099674,2026-09-22
M1707,7100662,2026-09-22
M1707,7105167,2026-10-02
M1707,7105184,2026-09-23
M1707,7112145,2026-09-23
M1707,7112156,2026-09-23
M1707,7112435,2026-09-23
M1707,7113106,2026-09-23
M1707,7114133,2026-09-23
M1707,7114229,2026-09-23
M1707,7114234,2026-09-23
M1707,7114294,2026-09-23
M1707,7116710,2026-09-23
M1707,7116722,2026-09-23
M1707,7132382,2026-09-23
M1707,7136789,2026-09-23
M1707,7148746,2026-09-23
M1707,7153459,2026-09-24
M1707,7153748,2026-09-24
M1707,7154665,2026-09-24
M1707,7154768,2026-09-24
M1707,7155119,2026-09-24
M1707,7155256,2026-09-24
M1707,7155258,2026-09-24
M1707,7155259,2026-09-24
M1707,7155313,2026-09-24
M1707,7156039,2026-10-02
M1707,7158495,2026-09-24
M1707,7162115,2026-10-04
M1707,7162151,2026-10-04
M1707,7162159,2026-10-04
M1707,7162874,2026-09-24
M1707,7163047,2026-09-24
M1707,7163061,2026-09-24
M1707,7163065,2026-09-24
M1707,7168266,2026-09-24
M1707,7168304,2026-09-24
M1707,7349361,2026-09-25
M1707,7349615,2026-09-25
M1707,7349731,2026-09-25
M1707,7349928,2026-09-25
M1707,7352385,2026-09-29
M1707,7352652,2026-09-25
M1707,7352709,2026-09-25
M1707,7352809,2026-09-25
M1707,7352826,2026-09-25
M1707,7352837,2026-09-25
M1707,7354586,2026-10-05
M1707,7362697,2026-09-25
M1707,7380888,2026-09-25
M1707,7381020,2026-09-25
M1707,7381022,2026-09-25
M1707,7384736,2026-09-25
M1707,7384803,2026-09-25
M1707,7386819,2026-09-25
M1707,7396143,2026-09-25
M1707,7396360,2026-09-25
M1707,7398122,2026-09-25
M1707,7398548,2026-10-04
M1707,7403529,2026-09-26
M1707,7403670,2026-09-26
M1707,7403970,2026-09-26
M1707,7405508,2026-09-26
M1707,7405886,2026-09-26
M1707,7405963,2026-10-02
M1707,7406076,2026-09-26
M1707,7406114,2026-09-26
M1707,7406122,2026-09-26
M1707,7422566,2026-09-26
M1707,7425060,2026-09-26
M1707,7425072,2026-09-26
M1707,7425835,2026-09-26
M1707,7428120,2026-09-26
M1707,7429256,2026-09-26
M1707,7429523,2026-09-26
M1707,7431062,2026-10-04
M1707,7431934,2026-09-27
M1707,7437340,2026-09-27
M1707,7449479,2026-09-27
M1707,7452636,2026-09-28
M1707,7453051,2026-09-28
M1707,7465112,2026-09-28
M1707,7465446,2026-09-28
M1707,7465448,2026-09-28
M1707,7465451,2026-09-28
M1707,7465461,2026-09-28
M1707,7465462,2026-09-28
M1707,7465463,2026-09-28
M1707,7465468,2026-09-28
M1707,7471137,2026-09-28
M1707,7471672,2026-09-28
M1707,7471790,2026-09-28
M1707,7471794,2026-09-28
M1707,7471807,2026-09-28
M1707,7473955,2026-09-29
M1707,7474246,2026-09-29
M1707,7477675,2026-09-29
M1707,7477758,2026-09-29
M1707,7479966,2026-09-29
M1707,7488223,2026-09-30
M1707,7490503,2026-09-29
M1707,7490949,2026-09-30
M1707,7491013,2026-09-29
M1707,7491977,2026-09-29
M1707,7492719,2026-09-29
M1707,7493800,2026-09-29
M1707,7495392,2026-09-29
M1707,7496597,2026-09-30
M1707,7497651,2026-09-30
M1707,7499896,2026-09-30
M1707,7515538,2026-09-30
M1707,7517741,2026-09-30
M1707,7528575,2026-09-30
M1707,7528864,2026-09-30
M1707,7529884,2026-09-30
M1707,7530539,2026-09-30
M1707,7530747,2026-09-30
M1707,7530893,2026-09-30
M1707,7530961,2026-09-30
M1707,7531354,2026-09-30
M1707,7531661,2026-09-30
M1707,7535645,2026-10-01
M1707,7535659,2026-10-01
M1707,7536514,2026-10-01
M1707,7537514,2026-10-01
M1707,7538294,2026-10-01
M1707,7538857,2026-10-01
M1707,7539136,2026-10-01
M1707,7539137,2026-10-01
M1707,7539139,2026-10-01
M1707,7539140,2026-10-01
M1707,7539141,2026-10-01
M1707,7539149,2026-10-01
M1707,7539151,2026-10-01
M1707,7539153,2026-10-01
M1707,7539154,2026-10-01
M1707,7539157,2026-10-01
M1707,7539158,2026-10-01
M1707,7539160,2026-10-01
M1707,7539161,2026-10-01
M1707,7539162,2026-10-01
M1707,7539163,2026-10-01
M1707,7539165,2026-10-01
M1707,7539166,2026-10-01
M1707,7539167,2026-10-01
M1707,7539168,2026-10-01
M1707,7539170,2026-10-01
M1707,7539172,2026-10-01
M1707,7539181,2026-10-01
M1707,7539183,2026-10-01
M1707,7539184,2026-10-01
M1707,7539185,2026-10-01
M1707,7539186,2026-10-01
M1707,7539187,2026-10-01
M1707,7539188,2026-10-01
M1707,7539190,2026-10-01
M1707,7539192,2026-10-01
M1707,7539193,2026-10-01
M1707,7539195,2026-10-01
M1707,7539196,2026-10-01
M1707,7539199,2026-10-01
M1707,7539200,2026-10-01
M1707,7539201,2026-10-01
M1707,7539205,2026-10-01
M1707,7539206,2026-10-01
M1707,7539207,2026-10-01
M1707,7539208,2026-10-01
M1707,7539209,2026-10-01
M1707,7539211,2026-10-01
M1707,7539212,2026-10-01
M1707,7539214,2026-10-01
M1707,7539216,2026-10-01
M1707,7539217,2026-10-01
M1707,7539218,2026-10-01
M1707,7539223,2026-10-01
M1707,7539224,2026-10-01
M1707,7539225,2026-10-01
M1707,7539226,2026-10-01
M1707,7539227,2026-10-01
M1707,7539228,2026-10-01
M1707,7539230,2026-10-01
M1707,7539231,2026-10-01
M1707,7539232,2026-10-01
M1707,7539233,2026-10-01
M1707,7539234,2026-10-01
M1707,7539235,2026-10-01
M1707,7539240,2026-10-01
M1707,7539241,2026-10-01
M1707,7539242,2026-10-01
M1707,7539244,2026-10-01
M1707,7539245,2026-10-01
M1707,7539246,2026-10-01
M1707,7539247,2026-10-01
M1707,7539248,2026-10-01
M1707,7539249,2026-10-01
M1707,7539250,2026-10-01
M1707,7539251,2026-10-01
M1707,7539252,2026-10-01
M1707,7539253,2026-10-01
M1707,7539254,2026-10-01
M1707,7539255,2026-10-01
M1707,7539256,2026-10-01
M1707,7539258,2026-10-01
M1707,7539260,2026-10-01
M1707,7539261,2026-10-01
M1707,7539262,2026-10-01
M1707,7539264,2026-10-01
M1707,7539265,2026-10-01
M1707,7539266,2026-10-01
M1707,7539272,2026-10-01
M1707,7539273,2026-10-01
M1707,7539274,2026-10-01
M1707,7539275,2026-10-01
M1707,7539276,2026-10-01
M1707,7539277,2026-10-01
M1707,7539284,2026-10-01
M1707,7539285,2026-10-01
M1707,7539288,2026-10-01
M1707,7539289,2026-10-01
M1707,7539291,2026-10-01
M1707,7539295,2026-10-01
M1707,7553784,2026-10-01
M1707,7554289,2026-10-01
M1707,7554296,2026-10-01
M1707,7555833,2026-10-01
M1707,7555892,2026-10-01
M1707,7556501,2026-10-01
M1707,7559472,2026-10-01
M1707,7559912,2026-10-01
M1707,7562066,2026-10-01
M1707,7565555,2026-10-01
M1707,7566966,2026-10-01
M1707,7567062,2026-10-01
M1707,7567656,2026-10-02
M1707,7568003,2026-10-02
M1707,7568115,2026-10-02
M1707,7568383,2026-10-02
M1707,7568574,2026-10-02
M1707,7570908,2026-10-02
M1707,7571702,2026-10-02
M1707,7576794,2026-10-02
M1707,7576960,2026-10-02
M1707,7586927,2026-10-02
M1707,7587583,2026-10-02
M1707,7588117,2026-10-02
M1707,7588622,2026-10-02
M1707,7595078,2026-10-02
M1707,7595126,2026-10-02
M1707,7595462,2026-10-02
M1707,7595917,2026-10-02
M1707,7597199,2026-10-02
M1707,7597516,2026-10-02
M1707,7598083,2026-10-02
M1707,7598867,2026-10-02
M1707,7600352,2026-10-02
M1707,7601017,2026-10-03
M1707,7601255,2026-10-03
M1707,7601279,2026-10-03
M1707,7601480,2026-10-03
M1707,7601481,2026-10-03
M1707,7601482,2026-10-03
M1707,7601484,2026-10-03
M1707,7601485,2026-10-03
M1707,7601486,2026-10-03
M1707,7601487,2026-10-03
M1707,7601489,2026-10-03
M1707,7601510,2026-10-03
M1707,7601512,2026-10-03
M1707,7601514,2026-10-03
M1707,7601519,2026-10-03
M1707,7601520,2026-10-03
M1707,7602304,2026-10-03
M1707,7602372,2026-10-03
M1707,7602828,2026-10-03
M1707,7602845,2026-10-03
M1707,7602891,2026-10-03
M1707,7602908,2026-10-03
M1707,7602919,2026-10-03
M1707,7603623,2026-10-03
M1707,7625223,2026-10-03
M1707,7625225,2026-10-03
M1707,7625226,2026-10-03
M1707,7625233,2026-10-03
M1707,7625247,2026-10-03
M1707,7625256,2026-10-03
M1707,7625262,2026-10-03
M1707,7625269,2026-10-03
M1707,7625281,2026-10-03
M1707,7626231,2026-10-03
M1707,7626698,2026-10-03
M1707,7626955,2026-10-03
M1707,7632264,2026-10-03
M1707,7632301,2026-10-03
M1707,7633357,2026-10-03
M1707,7633890,2026-10-03
M1707,7634041,2026-10-03
M1707,7634382,2026-10-03
M1707,7634542,2026-10-03
M1707,7634859,2026-10-03
M1707,7636071,2026-10-04
M1707,7636502,2026-10-04
M1707,7636698,2026-10-04
M1707,7637419,2026-10-04
M1707,7639345,2026-10-04
M1707,7639770,2026-10-04
M1707,7639895,2026-10-04
M1707,7656023,2026-10-04
M1707,7656074,2026-10-04
M1707,7656973,2026-10-04
M1707,7657529,2026-10-05
M1707,7657858,2026-10-05
